,CustomerName,Recency,Frequency,Monetary,R_rank,F_rank,M_rank,R_rank_norm,F_rank_norm,M_rank_norm,RFM_Score,Customer_segment
0,Aaron Bergman,16,89,120359.5697,397.5,770.5,713,50.99422707,96.79648241,96.79648241,89.92614411,High Value Customer
1,Aaron Hawkins,12,56,102027.8957,486.5,221.5,637,62.41180244,27.82663317,27.82663317,33.01440856,Low value Customer
2,Aaron Smayling,23,60,64406.2358,298,308,309,38.22963438,38.69346734,38.69346734,38.62389239,Low value Customer
3,Adam Bellavance,35,68,109573.0094,173,495,679,22.19371392,62.18592965,62.18592965,56.18709729,Medium Value Customer
4,Adam Hart,2,84,91431.54582,699,734.5,569,89.67286722,92.27386935,92.27386935,91.88371903,High Value Customer
5,Adam Shillingsburg,15,71,74311.74488,419.5,553.5,427,53.81654907,69.53517588,69.53517588,67.17738186,Medium Value Customer
6,Adrian Barton,27,77,186818.296,255.5,651,792,32.77742142,81.7839196,81.7839196,74.43294487,Medium Value Customer
7,Adrian Hane,21,54,52745.65908,332.5,173.5,179,42.65554843,21.79648241,21.79648241,24.92534231,Low value Customer
8,Adrian Shami,41,44,49139.7498,129.5,49,141,16.6132136,6.155778894,6.155778894,7.7243941,Low value Customer
9,Aimee Bixby,35,55,105330.4842,173,195.5,657,22.19371392,24.56030151,24.56030151,24.20531337,Low value Customer
10,Alan Barnes,13,60,62265.084,463,308,279,59.39704939,38.69346734,38.69346734,41.79900464,Low value Customer
11,Alan Dominguez,5,55,89011.9834,636.5,195.5,552,81.65490699,24.56030151,24.56030151,33.12449233,Low value Customer
12,Alan Haines,49,77,71713.2969,84,651,391,10.77613855,81.7839196,81.7839196,71.13275244,Medium Value Customer
13,Alan Hwang,6,74,112799.7299,600.5,600,691,77.0365619,75.37688442,75.37688442,75.62583604,High Value Customer
14,Alan Schoenberger,2,73,114495.0919,699,583.5,697,89.67286722,73.3040201,73.3040201,75.75934717,High Value Customer
15,Alan Shonely,12,63,51542.56812,486.5,375.5,166,62.41180244,47.17336683,47.17336683,49.45913217,Low value Customer
16,Alejandro Ballentine,5,68,56820.2402,636.5,495,222,81.65490699,62.18592965,62.18592965,65.10627625,Medium Value Customer
17,Alejandro Grove,13,67,86881.53038,463,467,536,59.39704939,58.66834171,58.66834171,58.77764786,Medium Value Customer
18,Alejandro Savely,18,77,112425.0565,381,651,689,48.87748557,81.7839196,81.7839196,76.84795449,High Value Customer
19,Aleksandra Gannaway,2,58,66425.9192,699,267.5,335,89.67286722,33.60552764,33.60552764,42.01562858,Low value Customer
20,Alex Avila,2,50,64601.23,699,116.5,312,89.67286722,14.63567839,14.63567839,25.89125672,Low value Customer
21,Alex Grayson,2,77,50400.66926,699,651,154,89.67286722,81.7839196,81.7839196,82.96726174,High Value Customer
22,Alex Russell,29,64,62303.6746,224,399.5,282,28.73636947,50.18844221,50.18844221,46.9706313,Low value Customer
23,Alice McCarthy,15,77,89640.2594,419.5,651,556,53.81654907,81.7839196,81.7839196,77.58881402,High Value Customer
24,Allen Armold,6,55,25459.937,600.5,195.5,11,77.0365619,24.56030151,24.56030151,32.43174057,Low value Customer
25,Allen Goldenen,112,53,36551.39752,11,157.5,42,1.411161001,19.78643216,19.78643216,17.03014149,Low value Customer
26,Allen Rosenblatt,54,50,42143.95234,67.5,116.5,83,8.659397049,14.63567839,14.63567839,13.73923619,Low value Customer
27,Alyssa Crouse,6,61,83528.7419,600.5,329,507,77.0365619,41.33165829,41.33165829,46.68739383,Low value Customer
28,Alyssa Tate,12,65,84290.1225,486.5,421.5,519,62.41180244,52.95226131,52.95226131,54.37119248,Medium Value Customer
29,Amy Cox,5,39,72881.0658,636.5,19,411,81.65490699,2.386934673,2.386934673,14.27713052,Low value Customer
30,Amy Hunt,70,39,51642.55044,42,19,167,5.388069275,2.386934673,2.386934673,2.837104864,Low value Customer
31,Andrew Allen,125,48,95311.71954,6,87,595,0.769724182,10.92964824,10.92964824,9.405659632,Low value Customer
32,Andrew Gjertsen,48,78,91560.25154,92,670,573,11.80243746,84.17085427,84.17085427,73.31559175,Medium Value Customer
33,Andrew Roberts,14,69,76919.48008,442.5,521,460,56.76715843,65.45226131,65.45226131,64.14949588,Medium Value Customer
34,Andy Gerbode,12,44,68711.33,486.5,49,365,62.41180244,6.155778894,6.155778894,14.59418243,Low value Customer
35,Andy Reiter,6,35,31626.4855,600.5,7,22,77.0365619,0.879396985,0.879396985,12.30297172,Low value Customer
36,Andy Yotov,14,50,35531.55532,442.5,116.5,32,56.76715843,14.63567839,14.63567839,20.9554004,Low value Customer
37,Anemone Ratner,2,50,53544.83344,699,116.5,188,89.67286722,14.63567839,14.63567839,25.89125672,Low value Customer
38,Angele Hood,21,49,56979.7757,332.5,100.5,225,42.65554843,12.62562814,12.62562814,17.13011618,Low value Customer
39,Ann Blume,7,64,90474.8559,572.5,399.5,562,73.44451572,50.18844221,50.18844221,53.67685324,Medium Value Customer
40,Ann Chong,6,83,59541.75528,600.5,721.5,257,77.0365619,90.64070352,90.64070352,88.60008227,High Value Customer
41,Ann Steele,33,55,86048.6995,195,195.5,531,25.01603592,24.56030151,24.56030151,24.62866167,Low value Customer
42,Anna Andreadi,28,91,76482.47334,238.5,774.5,453,30.59653624,97.29899497,97.29899497,87.29362616,High Value Customer
43,Anna Chung,2,43,37504.26044,699,39.5,47,89.67286722,4.962311558,4.962311558,17.66889491,Low value Customer
44,Anna Gayman,47,77,61719.2064,98.5,651,278,12.63630532,81.7839196,81.7839196,71.41177746,Medium Value Customer
45,Anna Häberlin,30,76,97796.24624,213.5,631,608,27.38935215,79.27135678,79.27135678,71.48905609,Medium Value Customer
46,Anne McFarland,25,79,126295.5003,285,684.5,736,36.56189865,85.99246231,85.99246231,78.57787776,High Value Customer
47,Anne Pryor,37,63,74302.5965,153.5,375.5,426,19.69211033,47.17336683,47.17336683,43.05117836,Low value Customer
48,Annie Thurman,2,55,62453.7523,699,195.5,284,89.67286722,24.56030151,24.56030151,34.32718636,Low value Customer
49,Annie Zypern,26,68,58829.719,271,495,248,34.76587556,62.18592965,62.18592965,58.07292154,Medium Value Customer
50,Anthony Garverick,28,58,57030.8321,238.5,267.5,227,30.59653624,33.60552764,33.60552764,33.15417893,Low value Customer
51,Anthony Jacobs,1,79,74537.7134,741,684.5,429,95.0609365,85.99246231,85.99246231,87.35273344,High Value Customer
52,Anthony Johnson,36,77,49601.291,162.5,651,145,20.8466966,81.7839196,81.7839196,72.64333615,Medium Value Customer
53,Anthony O'Donnell,7,60,65364.99,572.5,308,323,73.44451572,38.69346734,38.69346734,43.90612459,Low value Customer
54,Anthony Rawles,22,72,82727.3346,312.5,569,504,40.08980115,71.48241206,71.48241206,66.77352042,Medium Value Customer
55,Anthony Witt,16,78,73295.41712,397.5,670,417,50.99422707,84.17085427,84.17085427,79.19436019,High Value Customer
56,Arianne Irving,13,50,39112.9831,463,116.5,61,59.39704939,14.63567839,14.63567839,21.34988404,Low value Customer
57,Art Ferguson,5,98,152491.5653,636.5,789,773,81.65490699,99.12060302,99.12060302,96.50074861,High Value Customer
58,Art Foster,53,76,101749.0834,72,631,634,9.236690186,79.27135678,79.27135678,68.76615679,Medium Value Customer
59,Arthur Gainer,23,75,107100.1135,298,616,666,38.22963438,77.38693467,77.38693467,71.51333963,Medium Value Customer
60,Arthur Prichep,76,87,71789.9589,33.5,761,392,4.297626684,95.60301508,95.60301508,81.90720682,High Value Customer
61,Arthur Wiediger,35,49,66020.87956,173,100.5,331,22.19371392,12.62562814,12.62562814,14.06084101,Low value Customer
62,Ashley Jarboe,28,56,76336.928,238.5,221.5,450,30.59653624,27.82663317,27.82663317,28.24211863,Low value Customer
63,Astrea Jones,48,60,56698.75148,92,308,220,11.80243746,38.69346734,38.69346734,34.65981286,Low value Customer
64,Barbara Fisher,22,62,37118.6146,312.5,351.5,46,40.08980115,44.15829146,44.15829146,43.54801791,Low value Customer
65,Barry Blumstein,14,62,46113.2093,442.5,351.5,115,56.76715843,44.15829146,44.15829146,46.0496215,Low value Customer
66,Barry Franz,8,69,124230.3374,544.5,521,732,69.85246953,65.45226131,65.45226131,66.11229254,Medium Value Customer
67,Barry Französisch,15,62,47957.2131,419.5,351.5,130,53.81654907,44.15829146,44.15829146,45.6070301,Low value Customer
68,Barry Gonzalez,28,67,103631.156,238.5,467,646,30.59653624,58.66834171,58.66834171,54.45757089,Medium Value Customer
69,Barry Pond,5,57,40992.26052,636.5,243.5,71,81.65490699,30.59045226,30.59045226,38.25012047,Low value Customer
70,Barry Weirich,22,51,99704.3333,312.5,132.5,623,40.08980115,16.64572864,16.64572864,20.16233952,Low value Customer
71,Bart Folk,25,55,56217.1785,285,195.5,212,36.56189865,24.56030151,24.56030151,26.36054108,Low value Customer
72,Bart Pistole,2,70,37874.5422,699,539,51,89.67286722,67.71356784,67.71356784,71.00746275,Medium Value Customer
73,Bart Watters,54,96,141352.4107,67.5,786.5,759,8.659397049,98.80653266,98.80653266,85.28446232,High Value Customer
74,Becky Castell,29,87,73835.957,224,761,422,28.73636947,95.60301508,95.60301508,85.57301823,High Value Customer
75,Becky Martin,8,78,154247.6561,544.5,670,774,69.85246953,84.17085427,84.17085427,82.02309656,High Value Customer
76,Becky Pak,32,58,91382.47406,204.5,267.5,568,26.23476588,33.60552764,33.60552764,32.49991337,Low value Customer
77,Ben Ferrer,16,86,96221.94712,397.5,753,598,50.99422707,94.59798995,94.59798995,88.05742552,High Value Customer
78,Ben Peterman,1,74,83875.71844,741,600,514,95.0609365,75.37688442,75.37688442,78.32949223,High Value Customer
79,Ben Wallace,40,68,60201.90956,139,495,263,17.83194355,62.18592965,62.18592965,55.53283173,Medium Value Customer
80,Benjamin Farhat,26,62,63219.2339,271,351.5,297,34.76587556,44.15829146,44.15829146,42.74942907,Low value Customer
81,Benjamin Patterson,39,67,72717.0462,146.5,467,406,18.79409878,58.66834171,58.66834171,52.68720527,Medium Value Customer
82,Benjamin Venier,44,61,95248.8428,106.5,329,594,13.66260423,41.33165829,41.33165829,37.18130018,Low value Customer
83,Berenike Kampe,26,64,70688.58312,271,399.5,381,34.76587556,50.18844221,50.18844221,47.87505721,Low value Customer
84,Beth Fritzler,6,58,42763.06592,600.5,267.5,87,77.0365619,33.60552764,33.60552764,40.12018278,Low value Customer
85,Beth Paige,12,55,64010.41214,486.5,195.5,307,62.41180244,24.56030151,24.56030151,30.23802665,Low value Customer
86,Beth Thompson,28,70,46485.893,238.5,539,119,30.59653624,67.71356784,67.71356784,62.1460131,Medium Value Customer
87,Bill Donatelli,5,69,63771.286,636.5,521,304,81.65490699,65.45226131,65.45226131,67.88265816,Medium Value Customer
88,Bill Eplett,35,102,171617.287,173,793,786,22.19371392,99.62311558,99.62311558,88.00870533,High Value Customer
89,Bill Overfelt,21,47,36281.3707,332.5,74.5,38,42.65554843,9.359296482,9.359296482,14.35373427,Low value Customer
90,Bill Shonely,0,68,137512.377,779.5,495,758,100,62.18592965,62.18592965,67.8580402,Medium Value Customer
91,Bill Stewart,28,66,108689.5277,238.5,442,674,30.59653624,55.52763819,55.52763819,51.7879729,Medium Value Customer
92,Bill Tyler,28,50,58773.606,238.5,116.5,244,30.59653624,14.63567839,14.63567839,17.02980707,Low value Customer
93,Bobby Elias,21,60,100382.2191,332.5,308,630,42.65554843,38.69346734,38.69346734,39.2877795,Low value Customer
94,Bobby Odegard,1,57,81103.40204,741,243.5,491,95.0609365,30.59045226,30.59045226,40.2610249,Low value Customer
95,Bobby Trafton,51,53,53416.7935,76.5,157.5,186,9.813983323,19.78643216,19.78643216,18.29056484,Low value Customer
96,Brad Eason,3,69,115392.8297,676.5,521,698,86.78640154,65.45226131,65.45226131,68.65238234,Medium Value Customer
97,Brad Norvell,11,70,122552.8989,505,539,723,64.78511867,67.71356784,67.71356784,67.27430046,Medium Value Customer
98,Brad Thomas,30,65,50368.21542,213.5,421.5,153,27.38935215,52.95226131,52.95226131,49.11782493,Low value Customer
99,Bradley Drucker,19,44,69778.5395,367.5,49,374,47.14560616,6.155778894,6.155778894,12.30425298,Low value Customer
100,Bradley Nguyen,9,65,51188.321,519.5,421.5,162,66.64528544,52.95226131,52.95226131,55.00621493,Medium Value Customer
101,Bradley Talbott,33,55,81264.891,195,195.5,492,25.01603592,24.56030151,24.56030151,24.62866167,Low value Customer
102,Brenda Bowman,28,63,94705.83964,238.5,375.5,590,30.59653624,47.17336683,47.17336683,44.68684225,Low value Customer
103,Brendan Dodson,7,36,53365.77522,572.5,11.5,185,73.44451572,1.444723618,1.444723618,12.24469243,Low value Customer
104,Brendan Murry,34,55,55676.06884,183.5,195.5,208,23.54073124,24.56030151,24.56030151,24.40736597,Low value Customer
105,Brendan Sweed,35,58,65250.20258,173,267.5,321,22.19371392,33.60552764,33.60552764,31.89375558,Low value Customer
106,Brian Dahlen,97,48,36459.08662,19,87,40,2.43745991,10.92964824,10.92964824,9.655819992,Low value Customer
107,Brian DeCherney,49,67,44115.57354,84,467,98,10.77613855,58.66834171,58.66834171,51.48451123,Medium Value Customer
108,Brian Derr,9,68,79710.7511,519.5,495,483,66.64528544,62.18592965,62.18592965,62.85483302,Medium Value Customer
109,Brian Moss,33,78,71294.30984,195,670,386,25.01603592,84.17085427,84.17085427,75.29763152,High Value Customer
110,Brian Stugart,29,70,145742.645,224,539,766,28.73636947,67.71356784,67.71356784,61.86698808,Medium Value Customer
111,Brian Thompson,18,58,64923.7373,381,267.5,318,48.87748557,33.60552764,33.60552764,35.89632133,Low value Customer
112,Brooke Gillingham,9,49,52613.79018,519.5,100.5,176,66.64528544,12.62562814,12.62562814,20.72857674,Low value Customer
113,Brosina Hoffman,23,97,146407.9449,298,788,767,38.22963438,98.99497487,98.99497487,89.8801738,High Value Customer
114,Bruce Degenhardt,4,76,61666.75812,665,631,277,85.31109686,79.27135678,79.27135678,80.17731779,High Value Customer
115,Bruce Geld,6,56,91713.5085,600.5,221.5,575,77.0365619,27.82663317,27.82663317,35.20812248,Low value Customer
116,Bruce Stewart,1,83,73689.3547,741,721.5,420,95.0609365,90.64070352,90.64070352,91.30373846,High Value Customer
117,Bryan Davis,35,64,59498.84706,173,399.5,254,22.19371392,50.18844221,50.18844221,45.98923297,Low value Customer
118,Bryan Mills,2,84,86377.5371,699,734.5,532,89.67286722,92.27386935,92.27386935,91.88371903,High Value Customer
119,Bryan Spruell,9,69,91464.2292,519.5,521,570,66.64528544,65.45226131,65.45226131,65.63121493,Medium Value Customer
120,Candace McMahon,40,46,90957.6148,139,65,566,17.83194355,8.165829146,8.165829146,9.615746307,Low value Customer
121,Cari MacIntyre,6,77,118493.2822,600.5,651,709,77.0365619,81.7839196,81.7839196,81.07181594,High Value Customer
122,Cari Sayre,15,68,108255.1662,419.5,495,673,53.81654907,62.18592965,62.18592965,60.93052256,Medium Value Customer
123,Cari Schnelling,50,60,49955.16202,80,308,149,10.2629891,38.69346734,38.69346734,34.4288956,Low value Customer
124,Carl Jackson,13,56,59772.14036,463,221.5,258,59.39704939,27.82663317,27.82663317,32.5621956,Low value Customer
125,Carl Ludwig,13,60,119196.2107,463,308,710,59.39704939,38.69346734,38.69346734,41.79900464,Low value Customer
126,Carl Weiss,8,55,67621.238,544.5,195.5,350,69.85246953,24.56030151,24.56030151,31.35412671,Low value Customer
127,Carlos Daly,2,70,104283.4564,699,539,648,89.67286722,67.71356784,67.71356784,71.00746275,Medium Value Customer
128,Carlos Meador,36,42,42424.9124,162.5,30.5,85,20.8466966,3.831658291,3.831658291,6.383914038,Low value Customer
129,Carlos Soltero,25,68,60083.28518,285,495,262,36.56189865,62.18592965,62.18592965,58.342325,Medium Value Customer
130,Carol Adams,18,57,163414.0224,381,243.5,782,48.87748557,30.59045226,30.59045226,33.33350726,Low value Customer
131,Carol Darley,1,68,50941.73522,741,495,159,95.0609365,62.18592965,62.18592965,67.11718068,Medium Value Customer
132,Carol Triggs,28,52,76023.47408,238.5,144,443,30.59653624,18.09045226,18.09045226,19.96636486,Low value Customer
133,Caroline Jumper,33,58,92146.6048,195,267.5,578,25.01603592,33.60552764,33.60552764,32.31710388,Low value Customer
134,Cassandra Brandow,9,59,71701.9426,519.5,289,390,66.64528544,36.30653266,36.30653266,40.85734558,Low value Customer
135,Catherine Glotzbach,21,35,15519.112,332.5,7,2,42.65554843,0.879396985,0.879396985,7.145819701,Low value Customer
136,Cathy Armstrong,13,56,46924.424,463,221.5,124,59.39704939,27.82663317,27.82663317,32.5621956,Low value Customer
137,Cathy Hwang,89,70,65426.65112,25,539,325,3.207184092,67.71356784,67.71356784,58.03761028,Medium Value Customer
138,Cathy Prescott,69,65,98562.6023,43,421.5,616,5.516356639,52.95226131,52.95226131,45.83687561,Low value Customer
139,Chad Cunningham,51,58,53901.74952,76.5,267.5,192,9.813983323,33.60552764,33.60552764,30.03679599,Low value Customer
140,Chad McGuire,8,43,77281.5639,544.5,39.5,464,69.85246953,4.962311558,4.962311558,14.69583525,Low value Customer
141,Chad Sievert,11,48,54015.9258,505,87,193,64.78511867,10.92964824,10.92964824,19.0079688,Low value Customer
142,Charles Crestani,82,59,59101.7606,30,289,251,3.848620911,36.30653266,36.30653266,31.4378459,Low value Customer
143,Charles McCrossin,26,55,120503.2429,271,195.5,715,34.76587556,24.56030151,24.56030151,26.09113762,Low value Customer
144,Charles Sheldon,57,62,109320.4913,57,351.5,676,7.312379731,44.15829146,44.15829146,38.6314047,Low value Customer
145,Charlotte Melton,0,55,72128.08562,779.5,195.5,397,100,24.56030151,24.56030151,35.87625628,Low value Customer
146,Chloris Kastensmidt,4,96,52557.84252,665,786.5,174,85.31109686,98.80653266,98.80653266,96.78221729,High Value Customer
147,Chris Cortes,20,87,52225.1426,351.5,761,171,45.09300834,95.60301508,95.60301508,88.02651406,High Value Customer
148,Chris McAfee,42,44,64280.0216,121,49,308,15.52277101,6.155778894,6.155778894,7.560827711,Low value Customer
149,Chris Selesnick,2,81,67648.5671,699,697.5,352,89.67286722,87.62562814,87.62562814,87.932714,High Value Customer
150,Christina Anderson,34,69,106950.5993,183.5,521,664,23.54073124,65.45226131,65.45226131,59.1655318,Medium Value Customer
151,Christina DeMoss,12,82,75127.44298,486.5,707.5,435,62.41180244,88.88190955,88.88190955,84.91139348,High Value Customer
152,Christina VanderZanden,39,60,41533.78782,146.5,308,76,18.79409878,38.69346734,38.69346734,35.70856205,Low value Customer
153,Christine Abelman,13,43,26942.60682,463,39.5,16,59.39704939,4.962311558,4.962311558,13.12752223,Low value Customer
154,Christine Kargatis,0,67,54850.49288,779.5,467,202,100,58.66834171,58.66834171,64.86809045,Medium Value Customer
155,Christine Phan,8,82,120609.5238,544.5,707.5,716,69.85246953,88.88190955,88.88190955,86.02749355,High Value Customer
156,Christine Sundaresam,6,66,37885.87,600.5,442,52,77.0365619,55.52763819,55.52763819,58.75397675,Medium Value Customer
157,Christopher Conant,6,73,205419.1122,600.5,583.5,794,77.0365619,73.3040201,73.3040201,73.86390137,Medium Value Customer
158,Christopher Martinez,37,56,111193.5916,153.5,221.5,683,19.69211033,27.82663317,27.82663317,26.60645474,Low value Customer
159,Christopher Schild,1,53,50283.46272,741,157.5,152,95.0609365,19.78643216,19.78643216,31.07760781,Low value Customer
160,Christy Brittain,26,49,61031.84992,271,100.5,266,34.76587556,12.62562814,12.62562814,15.94666525,Low value Customer
161,Chuck Clark,0,60,81598.91336,779.5,308,495,100,38.69346734,38.69346734,47.88944724,Low value Customer
162,Chuck Magee,15,58,72981.61284,419.5,267.5,413,53.81654907,33.60552764,33.60552764,36.63718085,Low value Customer
163,Chuck Sachs,6,70,114322.5884,600.5,539,696,77.0365619,67.71356784,67.71356784,69.11201695,Medium Value Customer
164,Cindy Chapman,16,74,95205.29382,397.5,600,593,50.99422707,75.37688442,75.37688442,71.71948582,Medium Value Customer
165,Cindy Schnelling,2,62,50042.9675,699,351.5,150,89.67286722,44.15829146,44.15829146,50.98547782,Medium Value Customer
166,Cindy Stewart,27,42,64712.5812,255.5,30.5,315,32.77742142,3.831658291,3.831658291,8.173522761,Low value Customer
167,Claire Gute,28,52,67041.66886,238.5,144,343,30.59653624,18.09045226,18.09045226,19.96636486,Low value Customer
168,Claudia Bergmann,7,72,84909.70868,572.5,569,524,73.44451572,71.48241206,71.48241206,71.77672761,Medium Value Customer
169,Clay Cheatham,27,60,38415.52534,255.5,308,54,32.77742142,38.69346734,38.69346734,37.80606045,Low value Customer
170,Clay Ludtke,5,79,86596.28964,636.5,684.5,534,81.65490699,85.99246231,85.99246231,85.34182901,High Value Customer
171,Clay Rozendal,22,41,84780.1255,312.5,25,522,40.08980115,3.140703518,3.140703518,8.683068163,Low value Customer
172,Clytie Kelty,43,79,75808.79582,113.5,684.5,442,14.56061578,85.99246231,85.99246231,75.27768533,High Value Customer
173,Corey Catlett,16,61,96832.106,397.5,329,602,50.99422707,41.33165829,41.33165829,42.78104361,Low value Customer
174,Corey Roper,43,77,116992.4079,113.5,651,704,14.56061578,81.7839196,81.7839196,71.70042403,Medium Value Customer
175,Corey-Lock,4,68,51995.68772,665,495,170,85.31109686,62.18592965,62.18592965,65.65470473,Medium Value Customer
176,Corinna Mitchell,27,54,101699.5934,255.5,173.5,633,32.77742142,21.79648241,21.79648241,23.44362326,Low value Customer
177,Craig Carreira,16,67,48781.9499,397.5,467,137,50.99422707,58.66834171,58.66834171,57.51722451,Medium Value Customer
178,Craig Carroll,54,55,73006.6986,67.5,195.5,414,8.659397049,24.56030151,24.56030151,22.17516584,Low value Customer
179,Craig Leslie,8,69,101087.6586,544.5,521,632,69.85246953,65.45226131,65.45226131,66.11229254,Medium Value Customer
180,Craig Molinari,41,54,58608.1989,129.5,173.5,240,16.6132136,21.79648241,21.79648241,21.01899209,Low value Customer
181,Craig Reiter,5,77,101932.7054,636.5,651,636,81.65490699,81.7839196,81.7839196,81.76456771,High Value Customer
182,Craig Yedwab,60,60,67321.6187,50,308,347,6.414368185,38.69346734,38.69346734,33.85160246,Low value Customer
183,Cyma Kinney,37,69,38441.5786,153.5,521,55,19.69211033,65.45226131,65.45226131,58.58823866,Medium Value Customer
184,Cynthia Arntzen,93,61,122384.365,22,329,721,2.822322001,41.33165829,41.33165829,35.55525785,Low value Customer
185,Cynthia Delaney,76,67,65641.8365,33.5,467,327,4.297626684,58.66834171,58.66834171,50.51273445,Medium Value Customer
186,Cynthia Voltz,4,54,67540.945,665,173.5,349,85.31109686,21.79648241,21.79648241,31.32367458,Low value Customer
187,Cyra Reiten,55,54,80800.57968,63,173.5,490,8.082103913,21.79648241,21.79648241,19.73932564,Low value Customer
188,Damala Kotsonis,21,86,106228.2489,332.5,753,660,42.65554843,94.59798995,94.59798995,86.80662372,High Value Customer
189,Dan Campbell,34,77,51652.3525,183.5,651,168,23.54073124,81.7839196,81.7839196,73.04744134,Medium Value Customer
190,Dan Lawera,57,68,63033.1975,57,495,294,7.312379731,62.18592965,62.18592965,53.95489716,Medium Value Customer
191,Dan Reichenbach,3,84,78803.8659,676.5,734.5,474,86.78640154,92.27386935,92.27386935,91.45074918,High Value Customer
192,Dana Kaydos,45,70,100004.7284,102.5,539,626,13.14945478,67.71356784,67.71356784,59.52895088,Medium Value Customer
193,Daniel Byrd,2,65,66043.5577,699,421.5,332,89.67286722,52.95226131,52.95226131,58.46035219,Medium Value Customer
194,Daniel Lacy,37,72,53718.1708,153.5,569,190,19.69211033,71.48241206,71.48241206,63.7138668,Medium Value Customer
195,Daniel Raglin,27,85,163807.0791,255.5,744.5,783,32.77742142,93.53015075,93.53015075,84.41724135,High Value Customer
196,Dario Medina,12,76,126380.0524,486.5,631,737,62.41180244,79.27135678,79.27135678,76.74242363,High Value Customer
197,Darren Budd,57,31,67099.6292,57,3.5,345,7.312379731,0.439698492,0.439698492,1.470600678,Low value Customer
198,Darren Koutras,1,64,67935.0231,741,399.5,355,95.0609365,50.18844221,50.18844221,56.91931635,Medium Value Customer
199,Darren Powers,14,82,76286.8298,442.5,707.5,449,56.76715843,88.88190955,88.88190955,84.06469688,High Value Customer
200,Darrin Martin,2,66,91180.5514,699,442,567,89.67286722,55.52763819,55.52763819,60.64942255,Medium Value Customer
201,Darrin Sayre,48,68,72480.8245,92,495,403,11.80243746,62.18592965,62.18592965,54.62840582,Medium Value Customer
202,Darrin Van Huff,19,94,122898.8812,367.5,782,725,47.14560616,98.24120603,98.24120603,90.57686605,High Value Customer
203,Dave Brooks,8,70,167186.3003,544.5,539,785,69.85246953,67.71356784,67.71356784,68.03440309,Medium Value Customer
204,Dave Hallsten,75,83,74702.3087,37.5,721.5,431,4.810776139,90.64070352,90.64070352,77.76621441,High Value Customer
205,Dave Kipp,8,64,82521.57884,544.5,399.5,500,69.85246953,50.18844221,50.18844221,53.13804631,Medium Value Customer
206,Dave Poirier,6,62,182885.8351,600.5,351.5,791,77.0365619,44.15829146,44.15829146,49.09003202,Low value Customer
207,David Bremer,5,34,33300.27998,636.5,5,28,81.65490699,0.628140704,0.628140704,12.78215565,Low value Customer
208,David Flashing,9,52,52561.8161,519.5,144,175,66.64528544,18.09045226,18.09045226,25.37367724,Low value Customer
209,David Kendrick,10,58,129914.986,510.5,267.5,746,65.49069917,33.60552764,33.60552764,38.38830337,Low value Customer
210,David Philippe,7,68,135140.0078,572.5,495,751,73.44451572,62.18592965,62.18592965,63.87471756,Medium Value Customer
211,David Smith,14,63,63557.3558,442.5,375.5,303,56.76715843,47.17336683,47.17336683,48.61243557,Low value Customer
212,David Wiener,6,56,44349.6357,600.5,221.5,99,77.0365619,27.82663317,27.82663317,35.20812248,Low value Customer
213,Dean Braden,7,73,54502.1623,572.5,583.5,197,73.44451572,73.3040201,73.3040201,73.32509444,Medium Value Customer
214,Dean Katz,1,56,47944.4282,741,221.5,129,95.0609365,27.82663317,27.82663317,37.91177867,Low value Customer
215,Dean percer,18,81,117043.203,381,697.5,706,48.87748557,87.62562814,87.62562814,81.81340675,High Value Customer
216,Deanra Eno,19,55,66257.336,367.5,195.5,334,47.14560616,24.56030151,24.56030151,27.94809721,Low value Customer
217,Deborah Brumfield,9,58,62570.5253,519.5,267.5,288,66.64528544,33.60552764,33.60552764,38.56149131,Low value Customer
218,Debra Catini,18,54,102782.3569,381,173.5,640,48.87748557,21.79648241,21.79648241,25.85863289,Low value Customer
219,Deirdre Greer,14,64,87294.88,442.5,399.5,539,56.76715843,50.18844221,50.18844221,51.17524964,Medium Value Customer
220,Delfina Latchford,18,76,104851.8755,381,631,654,48.87748557,79.27135678,79.27135678,74.7122761,Medium Value Customer
221,Denise Leinenbach,12,75,78815.037,486.5,616,475,62.41180244,77.38693467,77.38693467,75.14066484,High Value Customer
222,Denise Monton,2,59,135749.5539,699,289,752,89.67286722,36.30653266,36.30653266,44.31148285,Low value Customer
223,Dennis Bolton,47,52,41909.54756,98.5,144,79,12.63630532,18.09045226,18.09045226,17.27233022,Low value Customer
224,Dennis Kane,4,76,108735.012,665,631,675,85.31109686,79.27135678,79.27135678,80.17731779,High Value Customer
225,Dennis Pardue,0,57,41344.0476,779.5,243.5,75,100,30.59045226,30.59045226,41.00188442,Low value Customer
226,Denny Blanton,28,51,109705.2064,238.5,132.5,680,30.59653624,16.64572864,16.64572864,18.73834978,Low value Customer
227,Denny Joy,1,63,126707.1244,741,375.5,739,95.0609365,47.17336683,47.17336683,54.35650228,Medium Value Customer
228,Denny Ordway,36,83,91575.0545,162.5,721.5,574,20.8466966,90.64070352,90.64070352,80.17160248,High Value Customer
229,Dianna Arnett,13,60,92237.58118,463,308,579,59.39704939,38.69346734,38.69346734,41.79900464,Low value Customer
230,Dianna Vittorini,13,63,71295.51424,463,375.5,387,59.39704939,47.17336683,47.17336683,49.00691922,Low value Customer
231,Dianna Wilson,55,88,119456.5508,63,767,711,8.082103913,96.35678392,96.35678392,83.11558192,High Value Customer
232,Dionis Lloyd,22,56,85174.882,312.5,221.5,527,40.08980115,27.82663317,27.82663317,29.66610836,Low value Customer
233,Don Jones,6,78,88886.45862,600.5,670,550,77.0365619,84.17085427,84.17085427,83.10071042,High Value Customer
234,Don Miller,35,52,66610.53736,173,144,338,22.19371392,18.09045226,18.09045226,18.70594151,Low value Customer
235,Don Weiss,12,62,59873.887,486.5,351.5,261,62.41180244,44.15829146,44.15829146,46.8963181,Low value Customer
236,Dorothy Badders,5,49,45816.1792,636.5,100.5,112,81.65490699,12.62562814,12.62562814,22.98001997,Low value Customer
237,Dorothy Dickinson,41,66,51487.2506,129.5,442,165,16.6132136,55.52763819,55.52763819,49.6904745,Low value Customer
238,Dorothy Wardle,5,74,61236.22652,636.5,600,269,81.65490699,75.37688442,75.37688442,76.31858781,High Value Customer
239,Dorris liebe,5,58,54674.5424,636.5,267.5,201,81.65490699,33.60552764,33.60552764,40.81293454,Low value Customer
240,Doug Bickford,27,58,54460.108,255.5,267.5,196,32.77742142,33.60552764,33.60552764,33.48131171,Low value Customer
241,Doug Jacobs,12,54,85008.9314,486.5,173.5,525,62.41180244,21.79648241,21.79648241,27.88878042,Low value Customer
242,Doug O'Connell,26,68,58581.52164,271,495,239,34.76587556,62.18592965,62.18592965,58.07292154,Medium Value Customer
243,Duane Benoit,12,42,65183.33552,486.5,30.5,319,62.41180244,3.831658291,3.831658291,12.61867991,Low value Customer
244,Duane Huffman,20,54,56865.8245,351.5,173.5,224,45.09300834,21.79648241,21.79648241,25.2909613,Low value Customer
245,Duane Noonan,12,60,60519.5962,486.5,308,264,62.41180244,38.69346734,38.69346734,42.2512176,Low value Customer
246,Ed Braxton,48,65,62284.4861,92,421.5,281,11.80243746,52.95226131,52.95226131,46.77978773,Low value Customer
247,Ed Jacobs,49,45,51160.781,84,56.5,161,10.77613855,7.09798995,7.09798995,7.64971224,Low value Customer
248,Ed Ludwig,26,71,71825.71,271,553.5,393,34.76587556,69.53517588,69.53517588,64.31978083,Medium Value Customer
249,Edward Becker,32,49,44075.104,204.5,100.5,96,26.23476588,12.62562814,12.62562814,14.6669988,Low value Customer
250,Edward Hooks,2,84,88155.014,699,734.5,543,89.67286722,92.27386935,92.27386935,91.88371903,High Value Customer
251,Edward Nazzal,14,46,25736.3242,442.5,65,12,56.76715843,8.165829146,8.165829146,15.45602854,Low value Customer
252,Eileen Kiefer,44,36,33281.7328,106.5,11.5,27,13.66260423,1.444723618,1.444723618,3.27740571,Low value Customer
253,Eleni McCrary,58,54,74779.73216,52,173.5,432,6.670942912,21.79648241,21.79648241,19.52765149,Low value Customer
254,Elizabeth Moffitt,55,64,49190.17572,63,399.5,143,8.082103913,50.18844221,50.18844221,43.87249147,Low value Customer
255,Ellis Ballard,2,57,106326.6449,699,243.5,662,89.67286722,30.59045226,30.59045226,39.45281451,Low value Customer
256,Elpida Rittenbach,53,53,124079.289,72,157.5,731,9.236690186,19.78643216,19.78643216,18.20397086,Low value Customer
257,Emily Burns,15,35,26381.2911,419.5,7,15,53.81654907,0.879396985,0.879396985,8.819969798,Low value Customer
258,Emily Ducich,15,76,105207.126,419.5,631,655,53.81654907,79.27135678,79.27135678,75.45313563,High Value Customer
259,Emily Grady,22,63,121335.1346,312.5,375.5,718,40.08980115,47.17336683,47.17336683,46.11083198,Low value Customer
260,Emily Phan,12,72,86951.90662,486.5,569,537,62.41180244,71.48241206,71.48241206,70.12182062,Medium Value Customer
261,Eric Barreto,7,48,52673.5733,572.5,87,178,73.44451572,10.92964824,10.92964824,20.30687836,Low value Customer
262,Eric Hoffmann,57,71,42187.51606,57,553.5,84,7.312379731,69.53517588,69.53517588,60.20175646,Medium Value Customer
263,Eric Murdock,2,100,149367.8396,699,790,770,89.67286722,99.24623116,99.24623116,97.81022657,High Value Customer
264,Erica Bern,0,77,69664.2481,779.5,651,373,100,81.7839196,81.7839196,84.51633166,High Value Customer
265,Erica Hackney,33,51,40287.4804,195,132.5,67,25.01603592,16.64572864,16.64572864,17.90127473,Low value Customer
266,Erica Hernandez,2,57,58747.8481,699,243.5,243,89.67286722,30.59045226,30.59045226,39.45281451,Low value Customer
267,Erica Smith,0,67,68982.62334,779.5,467,369,100,58.66834171,58.66834171,64.86809045,Medium Value Customer
268,Erin Ashbrook,93,72,53453.85348,22,569,187,2.822322001,71.48241206,71.48241206,61.18339855,Medium Value Customer
269,Erin Creighton,53,58,31030.9519,72,267.5,19,9.236690186,33.60552764,33.60552764,29.95020202,Low value Customer
270,Erin Mull,16,62,80347.54006,397.5,351.5,486,50.99422707,44.15829146,44.15829146,45.1836818,Low value Customer
271,Erin Smith,28,74,75067.1548,238.5,600,434,30.59653624,75.37688442,75.37688442,68.65983219,Medium Value Customer
272,Eudokia Martin,8,61,61193.9059,544.5,329,267,69.85246953,41.33165829,41.33165829,45.60977998,Low value Customer
273,Eugene Barchas,20,64,63370.5353,351.5,399.5,301,45.09300834,50.18844221,50.18844221,49.42412713,Low value Customer
274,Eugene Hildebrand,22,86,128326.8457,312.5,753,742,40.08980115,94.59798995,94.59798995,86.42176163,High Value Customer
275,Eugene Moren,24,94,120410.2341,291.5,782,714,37.39576652,98.24120603,98.24120603,89.1143901,High Value Customer
276,Eva Jacobs,22,49,65204.8796,312.5,100.5,320,40.08980115,12.62562814,12.62562814,16.74525409,Low value Customer
277,Evan Bailliet,19,47,36813.2733,367.5,74.5,45,47.14560616,9.359296482,9.359296482,15.02724293,Low value Customer
278,Evan Henry,67,61,76169.35754,45,329,446,5.772931366,41.33165829,41.33165829,35.99784925,Low value Customer
279,Evan Minnotte,41,66,97844.41662,129.5,442,609,16.6132136,55.52763819,55.52763819,49.6904745,Low value Customer
280,Filia McAdams,7,69,82235.287,572.5,521,497,73.44451572,65.45226131,65.45226131,66.65109947,Medium Value Customer
281,Frank Atkinson,22,62,59419.3596,312.5,351.5,253,40.08980115,44.15829146,44.15829146,43.54801791,Low value Customer
282,Frank Carlisle,42,51,66824.7012,121,132.5,341,15.52277101,16.64572864,16.64572864,16.477285,Low value Customer
283,Frank Gastineau,34,44,39595.1695,183.5,49,65,23.54073124,6.155778894,6.155778894,8.763521746,Low value Customer
284,Frank Hawley,4,48,81344.354,665,87,493,85.31109686,10.92964824,10.92964824,22.08686553,Low value Customer
285,Frank Merwin,2,77,87234.67226,699,651,538,89.67286722,81.7839196,81.7839196,82.96726174,High Value Customer
286,Frank Olsen,22,85,89786.8285,312.5,744.5,558,40.08980115,93.53015075,93.53015075,85.51409831,High Value Customer
287,Frank Preis,23,55,45045.656,298,195.5,105,38.22963438,24.56030151,24.56030151,26.61070144,Low value Customer
288,Fred Chung,107,51,38899.67372,13,132.5,59,1.667735728,16.64572864,16.64572864,14.39902971,Low value Customer
289,Fred Harton,1,42,48516.05674,741,30.5,136,95.0609365,3.831658291,3.831658291,17.51605002,Low value Customer
290,Fred Hopkins,1,82,162773.366,741,707.5,781,95.0609365,88.88190955,88.88190955,89.80876359,High Value Customer
291,Fred McMath,1,46,34495.1959,741,65,30,95.0609365,8.165829146,8.165829146,21.20009525,Low value Customer
292,Fred Wasserman,0,72,68867.6655,779.5,569,367,100,71.48241206,71.48241206,75.76005025,High Value Customer
293,Gary Hansen,20,76,84861.78334,351.5,631,523,45.09300834,79.27135678,79.27135678,74.14460452,Medium Value Customer
294,Gary Hwang,18,102,121675.348,381,793,719,48.87748557,99.62311558,99.62311558,92.01127108,High Value Customer
295,Gary McGarr,1,58,72647.6538,741,267.5,405,95.0609365,33.60552764,33.60552764,42.82383897,Low value Customer
296,Gary Mitchum,16,43,49084.261,397.5,39.5,139,50.99422707,4.962311558,4.962311558,11.86709888,Low value Customer
297,Gary Zandusky,7,78,115727.59,572.5,670,700,73.44451572,84.17085427,84.17085427,82.56190349,High Value Customer
298,Gene Hale,51,50,106892.7818,76.5,116.5,663,9.813983323,14.63567839,14.63567839,13.91242413,Low value Customer
299,Gene McClure,104,47,62694.5891,14.5,74.5,290,1.860166774,9.359296482,9.359296482,8.234427026,Low value Customer
300,George Ashbrook,22,58,64835.24996,312.5,267.5,317,40.08980115,33.60552764,33.60552764,34.57816867,Low value Customer
301,George Bell,33,56,94948.439,195,221.5,592,25.01603592,27.82663317,27.82663317,27.40504358,Low value Customer
302,George Zrebassa,30,52,78112.34736,213.5,144,468,27.38935215,18.09045226,18.09045226,19.48528724,Low value Customer
303,Georgia Rosenberg,49,62,85670.88202,84,351.5,529,10.77613855,44.15829146,44.15829146,39.15096852,Low value Customer
304,Giulietta Baptist,13,66,56068.57798,463,442,209,59.39704939,55.52763819,55.52763819,56.10804987,Medium Value Customer
305,Giulietta Dortch,5,56,124249.9402,636.5,221.5,733,81.65490699,27.82663317,27.82663317,35.90087424,Low value Customer
306,Giulietta Weimer,14,57,100069.5395,442.5,243.5,627,56.76715843,30.59045226,30.59045226,34.51695819,Low value Customer
307,Grace Kelly,12,65,106311.4811,486.5,421.5,661,62.41180244,52.95226131,52.95226131,54.37119248,Medium Value Customer
308,Grant Thornton,9,48,84275.34652,519.5,87,517,66.64528544,10.92964824,10.92964824,19.28699382,Low value Customer
309,Greg Guthrie,33,75,61282.65228,195,616,270,25.01603592,77.38693467,77.38693467,69.53129986,Medium Value Customer
310,Greg Hansen,1,65,65846.74974,741,421.5,329,95.0609365,52.95226131,52.95226131,59.26856259,Medium Value Customer
311,Greg Matthias,1,74,57752.12276,741,600,230,95.0609365,75.37688442,75.37688442,78.32949223,High Value Customer
312,Greg Maxwell,47,64,64624.877,98.5,399.5,314,12.63630532,50.18844221,50.18844221,44.55562168,Low value Customer
313,Greg Tran,8,87,216108.5606,544.5,761,795,69.85246953,95.60301508,95.60301508,91.74043324,High Value Customer
314,Guy Armstrong,2,64,36143.1365,699,399.5,37,89.67286722,50.18844221,50.18844221,56.11110596,Medium Value Customer
315,Guy Phonely,1,74,66203.846,741,600,333,95.0609365,75.37688442,75.37688442,78.32949223,High Value Customer
316,Guy Thornton,0,62,31199.21304,779.5,351.5,20,100,44.15829146,44.15829146,52.53454774,Medium Value Customer
317,Hallie Redmond,13,61,82610.027,463,329,502,59.39704939,41.33165829,41.33165829,44.04146696,Low value Customer
318,Harold Dahlen,42,81,84206.0594,121,697.5,516,15.52277101,87.62562814,87.62562814,76.81019957,High Value Customer
319,Harold Engle,6,71,50439.24294,600.5,553.5,155,77.0365619,69.53517588,69.53517588,70.66038378,Medium Value Customer
320,Harold Pawlan,30,45,38487.0605,213.5,56.5,56,27.38935215,7.09798995,7.09798995,10.14169428,Low value Customer
321,Harold Ryan,51,44,41328.31344,76.5,49,73,9.813983323,6.155778894,6.155778894,6.704509559,Low value Customer
322,Harry Greene,12,101,179105.8285,486.5,791,790,62.41180244,99.3718593,99.3718593,93.82785077,High Value Customer
323,Harry Marie,1,85,176853.5414,741,744.5,788,95.0609365,93.53015075,93.53015075,93.75976862,High Value Customer
324,Heather Jas,5,68,67834.5584,636.5,495,353,81.65490699,62.18592965,62.18592965,65.10627625,Medium Value Customer
325,Heather Kirkland,43,60,61228.9553,113.5,308,268,14.56061578,38.69346734,38.69346734,35.0735396,Low value Customer
326,Helen Abelman,13,62,72497.28632,463,351.5,404,59.39704939,44.15829146,44.15829146,46.44410515,Low value Customer
327,Helen Andreada,20,63,41010.0731,351.5,375.5,72,45.09300834,47.17336683,47.17336683,46.86131306,Low value Customer
328,Helen Wasserman,34,66,97898.7836,183.5,442,610,23.54073124,55.52763819,55.52763819,50.72960215,Medium Value Customer
329,Henia Zydlo,35,57,49187.0024,173,243.5,142,22.19371392,30.59045226,30.59045226,29.33094151,Low value Customer
330,Henry Goldwyn,23,71,90451.5772,298,553.5,560,38.22963438,69.53517588,69.53517588,64.83934465,Medium Value Customer
331,Henry MacAllister,25,64,75648.3132,285,399.5,440,36.56189865,50.18844221,50.18844221,48.14446068,Low value Customer
332,Herbert Flentye,14,77,42765.1253,442.5,651,88,56.76715843,81.7839196,81.7839196,78.03140542,High Value Customer
333,Hilary Holden,54,57,72369.76138,67.5,243.5,401,8.659397049,30.59045226,30.59045226,27.30079398,Low value Customer
334,Hunter Glantz,6,67,81510.063,600.5,467,494,77.0365619,58.66834171,58.66834171,61.42357474,Medium Value Customer
335,Hunter Lopez,30,53,127334.2769,213.5,157.5,740,27.38935215,19.78643216,19.78643216,20.92687016,Low value Customer
336,Ionia McGrath,15,39,40369.99512,419.5,19,69,53.81654907,2.386934673,2.386934673,10.10137683,Low value Customer
337,Irene Maddox,40,82,113861.788,139,707.5,694,17.83194355,88.88190955,88.88190955,78.22441465,High Value Customer
338,Ivan Gibson,1,77,68292.87994,741,651,358,95.0609365,81.7839196,81.7839196,83.77547213,High Value Customer
339,Ivan Liston,116,64,72821.01376,10,399.5,409,1.282873637,50.18844221,50.18844221,42.85260692,Low value Customer
340,Jack Garza,5,62,67917.10828,636.5,351.5,354,81.65490699,44.15829146,44.15829146,49.78278379,Low value Customer
341,Jack Lebron,8,83,83209.63038,544.5,721.5,506,69.85246953,90.64070352,90.64070352,87.52246842,High Value Customer
342,Jack O'Briant,5,51,57020.092,636.5,132.5,226,81.65490699,16.64572864,16.64572864,26.3971054,Low value Customer
343,James Galang,1,83,98927.202,741,721.5,619,95.0609365,90.64070352,90.64070352,91.30373846,High Value Customer
344,James Lanier,6,53,58828.45814,600.5,157.5,247,77.0365619,19.78643216,19.78643216,28.37395162,Low value Customer
345,Jamie Frazer,6,74,108004.3241,600.5,600,672,77.0365619,75.37688442,75.37688442,75.62583604,High Value Customer
346,Jamie Kunitz,61,50,84282.6186,49,116.5,518,6.286080821,14.63567839,14.63567839,13.38323876,Low value Customer
347,Jane Waco,12,75,151740.2199,486.5,616,772,62.41180244,77.38693467,77.38693467,75.14066484,High Value Customer
348,Janet Lee,1,69,98301.50356,741,521,612,95.0609365,65.45226131,65.45226131,69.89356259,Medium Value Customer
349,Janet Martin,6,67,98752.58494,600.5,467,618,77.0365619,58.66834171,58.66834171,61.42357474,Medium Value Customer
350,Janet Molinari,37,77,74619.4863,153.5,651,430,19.69211033,81.7839196,81.7839196,72.47014821,Medium Value Customer
351,Jas O'Carroll,14,44,40331.3313,442.5,49,68,56.76715843,6.155778894,6.155778894,13.74748583,Low value Customer
352,Jason Fortune-,56,73,134845.5003,61,583.5,750,7.825529185,73.3040201,73.3040201,63.48224646,Medium Value Customer
353,Jason Gross,2,55,69504.0557,699,195.5,371,89.67286722,24.56030151,24.56030151,34.32718636,Low value Customer
354,Jason Klamczynski,77,62,88298.56244,31.5,351.5,546,4.041051956,44.15829146,44.15829146,38.14070553,Low value Customer
355,Jasper Cacioppo,34,73,98467.8908,183.5,583.5,614,23.54073124,73.3040201,73.3040201,65.83952677,Medium Value Customer
356,Jay Fein,13,64,46692.25,463,399.5,121,59.39704939,50.18844221,50.18844221,51.56973329,Medium Value Customer
357,Jay Kimmel,1,67,61546.22888,741,467,273,95.0609365,58.66834171,58.66834171,64.12723093,Medium Value Customer
358,Jenna Caffey,8,75,71066.32144,544.5,616,384,69.85246953,77.38693467,77.38693467,76.2567649,High Value Customer
359,Jennifer Braxton,7,73,62943.2305,572.5,583.5,292,73.44451572,73.3040201,73.3040201,73.32509444,Medium Value Customer
360,Jennifer Ferguson,2,66,111467.2109,699,442,685,89.67286722,55.52763819,55.52763819,60.64942255,Medium Value Customer
361,Jennifer Halladay,5,78,59501.0161,636.5,670,255,81.65490699,84.17085427,84.17085427,83.79346218,High Value Customer
362,Jennifer Jackson,19,41,52832.2962,367.5,25,180,47.14560616,3.140703518,3.140703518,9.741438914,Low value Customer
363,Jennifer Patt,36,78,73091.92898,162.5,670,415,20.8466966,84.17085427,84.17085427,74.67223062,Medium Value Customer
364,Jeremy Ellison,27,43,28350.21,255.5,39.5,17,32.77742142,4.962311558,4.962311558,9.134578038,Low value Customer
365,Jeremy Farry,4,57,46001.61802,665,243.5,113,85.31109686,30.59045226,30.59045226,38.79854895,Low value Customer
366,Jeremy Lonsdale,30,48,69504.19,213.5,87,372,27.38935215,10.92964824,10.92964824,13.39860383,Low value Customer
367,Jeremy Pistek,8,74,72369.20472,544.5,600,400,69.85246953,75.37688442,75.37688442,74.54822219,Medium Value Customer
368,Jessica Myrick,14,51,36510.898,442.5,132.5,41,56.76715843,16.64572864,16.64572864,22.66394311,Low value Customer
369,Jesus Ocampo,12,53,32445.13,486.5,157.5,25,62.41180244,19.78643216,19.78643216,26.1802377,Low value Customer
370,Jill Fjeld,1,78,112849.74,741,670,692,95.0609365,84.17085427,84.17085427,85.80436661,High Value Customer
371,Jill Matthias,0,58,62814.597,779.5,267.5,291,100,33.60552764,33.60552764,43.56469849,Low value Customer
372,Jill Stevenson,5,49,54158.3283,636.5,100.5,194,81.65490699,12.62562814,12.62562814,22.98001997,Low value Customer
373,Jim Epp,42,64,54939.9962,121,399.5,205,15.52277101,50.18844221,50.18844221,44.98859153,Low value Customer
374,Jim Karlsson,1,69,74975.7015,741,521,433,95.0609365,65.45226131,65.45226131,69.89356259,Medium Value Customer
375,Jim Kriz,0,43,69195.1225,779.5,39.5,370,100,4.962311558,4.962311558,19.21796482,Low value Customer
376,Jim Mitchum,8,84,77403.23466,544.5,734.5,465,69.85246953,92.27386935,92.27386935,88.91065937,High Value Customer
377,Jim Radford,12,48,65366.1904,486.5,87,324,62.41180244,10.92964824,10.92964824,18.65197137,Low value Customer
378,Jim Sink,40,69,76826.8785,139,521,459,17.83194355,65.45226131,65.45226131,58.30921364,Medium Value Customer
379,Jocasta Rupert,7,36,65970.29828,572.5,11.5,330,73.44451572,1.444723618,1.444723618,12.24469243,Low value Customer
380,Joe Elijah,9,82,131849.2631,519.5,707.5,747,66.64528544,88.88190955,88.88190955,85.54641593,High Value Customer
381,Joe Kamberova,48,91,129257.1778,92,774.5,744,11.80243746,97.29899497,97.29899497,84.47451135,High Value Customer
382,Joel Eaton,32,87,107105.9627,204.5,761,667,26.23476588,95.60301508,95.60301508,85.1977777,High Value Customer
383,Joel Jenkins,2,83,89083.11632,699,721.5,553,89.67286722,90.64070352,90.64070352,90.49552807,High Value Customer
384,John Castell,1,53,52648.74232,741,157.5,177,95.0609365,19.78643216,19.78643216,31.07760781,Low value Customer
385,John Dryer,15,48,66755.3318,419.5,87,339,53.81654907,10.92964824,10.92964824,17.36268337,Low value Customer
386,John Grady,0,95,110189.7444,779.5,784.5,681,100,98.55527638,98.55527638,98.77198492,High Value Customer
387,John Huston,13,83,136669.4175,463,721.5,754,59.39704939,90.64070352,90.64070352,85.9541554,High Value Customer
388,John Lee,21,72,143140.414,332.5,569,762,42.65554843,71.48241206,71.48241206,67.15838252,Medium Value Customer
389,John Lucas,44,50,41332.362,106.5,116.5,74,13.66260423,14.63567839,14.63567839,14.48971727,Low value Customer
390,John Murray,68,79,122387.7325,44,684.5,722,5.644644003,85.99246231,85.99246231,73.94028957,Medium Value Customer
391,John Stevenson,11,42,75677.3653,505,30.5,441,64.78511867,3.831658291,3.831658291,12.97467735,Low value Customer
392,Jonathan Doherty,2,86,103352.5837,699,753,644,89.67286722,94.59798995,94.59798995,93.85922154,High Value Customer
393,Jonathan Howell,40,81,74178.1815,139,697.5,424,17.83194355,87.62562814,87.62562814,77.15657545,High Value Customer
394,Joni Blumstein,9,59,57793.35356,519.5,289,232,66.64528544,36.30653266,36.30653266,40.85734558,Low value Customer
395,Joni Sundaresam,5,53,23251.505,636.5,157.5,8,81.65490699,19.78643216,19.78643216,29.06670339,Low value Customer
396,Joni Wasserman,5,60,54541.3881,636.5,308,200,81.65490699,38.69346734,38.69346734,45.13768328,Low value Customer
397,Joseph Airdo,0,76,96343.4505,779.5,631,599,100,79.27135678,79.27135678,82.38065327,High Value Customer
398,Joseph Holt,11,85,136843.5042,505,744.5,756,64.78511867,93.53015075,93.53015075,89.21839594,High Value Customer
399,Joy Bell-,1,84,117011.5945,741,734.5,705,95.0609365,92.27386935,92.27386935,92.69192942,High Value Customer
400,Joy Daniels,42,67,57859.3271,121,467,233,15.52277101,58.66834171,58.66834171,52.1965061,Medium Value Customer
401,Joy Smith,21,70,102370.1847,332.5,539,638,42.65554843,67.71356784,67.71356784,63.95486493,Medium Value Customer
402,Julia Barnett,0,57,92498.48536,779.5,243.5,581,100,30.59045226,30.59045226,41.00188442,Low value Customer
403,Julia Dunbar,65,48,49669.56668,46,87,146,5.90121873,10.92964824,10.92964824,10.17538381,Low value Customer
404,Julia West,1,61,109536.611,741,329,678,95.0609365,41.33165829,41.33165829,49.39105002,Low value Customer
405,Juliana Krohn,8,83,99720.21632,544.5,721.5,624,69.85246953,90.64070352,90.64070352,87.52246842,High Value Customer
406,Julie Creighton,57,63,72771.37144,57,375.5,407,7.312379731,47.17336683,47.17336683,41.19421877,Low value Customer
407,Julie Kriz,97,65,87904.92748,19,421.5,540,2.43745991,52.95226131,52.95226131,45.3750411,Low value Customer
408,Julie Prescott,26,76,62519.0168,271,631,286,34.76587556,79.27135678,79.27135678,72.5955346,Medium Value Customer
409,Justin Deggeller,0,71,105655.2458,779.5,553.5,658,100,69.53517588,69.53517588,74.1048995,Medium Value Customer
410,Justin Ellison,20,53,63346.72336,351.5,157.5,300,45.09300834,19.78643216,19.78643216,23.58241859,Low value Customer
411,Justin Hirsh,27,81,123319.5738,255.5,697.5,726,32.77742142,87.62562814,87.62562814,79.39839713,High Value Customer
412,Justin MacKendrick,12,53,32138.263,486.5,157.5,24,62.41180244,19.78643216,19.78643216,26.1802377,Low value Customer
413,Justin Ritter,18,57,70377.817,381,243.5,380,48.87748557,30.59045226,30.59045226,33.33350726,Low value Customer
414,Kai Rey,586,7,9880.22592,1,1,1,0.128287364,0.125628141,0.125628141,0.126027024,Low value Customer
415,Kalyca Meade,0,43,45760.0974,779.5,39.5,110,100,4.962311558,4.962311558,19.21796482,Low value Customer
416,Karen Bern,4,55,57517.656,665,195.5,229,85.31109686,24.56030151,24.56030151,33.67292081,Low value Customer
417,Karen Carlisle,44,63,41957.4161,106.5,375.5,80,13.66260423,47.17336683,47.17336683,42.14675244,Low value Customer
418,Karen Daniels,36,64,126478.9743,162.5,399.5,738,20.8466966,50.18844221,50.18844221,45.78718037,Low value Customer
419,Karen Ferguson,32,62,96994.5225,204.5,351.5,604,26.23476588,44.15829146,44.15829146,41.46976262,Low value Customer
420,Karen Seio,35,43,23053.86462,173,39.5,7,22.19371392,4.962311558,4.962311558,7.547021912,Low value Customer
421,Karl Braun,2,93,75381.01948,699,779.5,438,89.67286722,97.92713568,97.92713568,96.68899541,High Value Customer
422,Katharine Harms,16,74,83079.1699,397.5,600,505,50.99422707,75.37688442,75.37688442,71.71948582,Medium Value Customer
423,Katherine Ducich,41,39,56400.6976,129.5,19,213,16.6132136,2.386934673,2.386934673,4.520876512,Low value Customer
424,Katherine Hughes,1,75,46732.538,741,616,122,95.0609365,77.38693467,77.38693467,80.03803495,High Value Customer
425,Katherine Murray,2,81,76193.95992,699,697.5,447,89.67286722,87.62562814,87.62562814,87.932714,High Value Customer
426,Katherine Nockton,19,59,123456.784,367.5,289,727,47.14560616,36.30653266,36.30653266,37.93239369,Low value Customer
427,Katrina Bavinger,19,68,71826.5437,367.5,495,394,47.14560616,62.18592965,62.18592965,59.92988112,Medium Value Customer
428,Katrina Edelman,26,67,70350.6122,271,467,378,34.76587556,58.66834171,58.66834171,55.08297179,Medium Value Customer
429,Katrina Willman,26,58,79264.0382,271,267.5,480,34.76587556,33.60552764,33.60552764,33.77957983,Low value Customer
430,Kean Nguyen,37,66,91771.9689,153.5,442,576,19.69211033,55.52763819,55.52763819,50.15230901,Medium Value Customer
431,Kean Takahito,43,82,82480.4776,113.5,707.5,499,14.56061578,88.88190955,88.88190955,77.73371548,High Value Customer
432,Kean Thornton,27,45,28978.5397,255.5,56.5,18,32.77742142,7.09798995,7.09798995,10.94990467,Low value Customer
433,Keith Dawkins,46,78,113661.1107,101,670,693,12.95702373,84.17085427,84.17085427,73.48877969,Medium Value Customer
434,Keith Herrera,15,79,98625.73,419.5,684.5,617,53.81654907,85.99246231,85.99246231,81.16607533,High Value Customer
435,Kelly Andreada,16,86,83758.06364,397.5,753,510,50.99422707,94.59798995,94.59798995,88.05742552,High Value Customer
436,Kelly Collister,33,55,128874.3028,195,195.5,743,25.01603592,24.56030151,24.56030151,24.62866167,Low value Customer
437,Kelly Lampkin,15,86,59030.6389,419.5,753,249,53.81654907,94.59798995,94.59798995,88.48077382,High Value Customer
438,Kelly Williams,22,71,44814.1811,312.5,553.5,101,40.08980115,69.53517588,69.53517588,65.11836967,Medium Value Customer
439,Ken Black,93,66,85772.9785,22,442,530,2.822322001,55.52763819,55.52763819,47.62184076,Low value Customer
440,Ken Brennan,1,56,59773.5029,741,221.5,259,95.0609365,27.82663317,27.82663317,37.91177867,Low value Customer
441,Ken Dana,75,56,76026.31474,37.5,221.5,444,4.810776139,27.82663317,27.82663317,24.37425461,Low value Customer
442,Ken Heidel,8,57,52991.74672,544.5,243.5,184,69.85246953,30.59045226,30.59045226,36.47975485,Low value Customer
443,Ken Lonsdale,0,82,107086.6923,779.5,707.5,665,100,88.88190955,88.88190955,90.54962312,High Value Customer
444,Khloe Miller,15,61,49423.678,419.5,329,144,53.81654907,41.33165829,41.33165829,43.20439191,Low value Customer
445,Kimberly Carter,2,53,72960.60672,699,157.5,412,89.67286722,19.78643216,19.78643216,30.26939742,Low value Customer
446,Kristen Hastings,2,88,97716.4603,699,767,607,89.67286722,96.35678392,96.35678392,95.35419642,High Value Customer
447,Kristina Nunn,98,46,46950.084,16.5,65,125,2.116741501,8.165829146,8.165829146,7.258465999,Low value Customer
448,Kunst Miller,28,69,77472.298,238.5,521,467,30.59653624,65.45226131,65.45226131,60.22390255,Medium Value Customer
449,Larry Blacks,9,63,62644.22794,519.5,375.5,289,66.64528544,47.17336683,47.17336683,50.09415462,Medium Value Customer
450,Larry Hughes,12,50,43275.0474,486.5,116.5,93,62.41180244,14.63567839,14.63567839,21.802097,Low value Customer
451,Larry Tron,6,56,82440.44682,600.5,221.5,498,77.0365619,27.82663317,27.82663317,35.20812248,Low value Customer
452,Laura Armstrong,1,86,148239.5209,741,753,769,95.0609365,94.59798995,94.59798995,94.66743193,High Value Customer
453,Laurel Beltran,39,87,166729.802,146.5,761,784,18.79409878,95.60301508,95.60301508,84.08167763,High Value Customer
454,Laurel Elliston,14,61,47904.1277,442.5,329,128,56.76715843,41.33165829,41.33165829,43.64698331,Low value Customer
455,Laurel Workman,22,63,45590.49772,312.5,375.5,108,40.08980115,47.17336683,47.17336683,46.11083198,Low value Customer
456,Lauren Leatherbury,26,66,78900.90786,271,442,476,34.76587556,55.52763819,55.52763819,52.4133738,Medium Value Customer
457,Lela Donovan,42,71,79280.97394,121,553.5,481,15.52277101,69.53517588,69.53517588,61.43331515,Medium Value Customer
458,Lena Cacioppo,23,66,45016.79608,298,442,104,38.22963438,55.52763819,55.52763819,52.93293762,Medium Value Customer
459,Lena Creighton,16,69,78339.7416,397.5,521,469,50.99422707,65.45226131,65.45226131,63.28355617,Medium Value Customer
460,Lena Hernandez,21,55,70029.9896,332.5,195.5,375,42.65554843,24.56030151,24.56030151,27.27458855,Low value Customer
461,Lena Radford,26,65,95913.01492,271,421.5,597,34.76587556,52.95226131,52.95226131,50.22430344,Medium Value Customer
462,Linda Cazamias,41,67,83847.65584,129.5,467,513,16.6132136,58.66834171,58.66834171,52.36007249,Medium Value Customer
463,Linda Southworth,6,63,50681.00756,600.5,375.5,157,77.0365619,47.17336683,47.17336683,51.65284609,Medium Value Customer
464,Lindsay Castell,2,50,73810.9125,699,116.5,421,89.67286722,14.63567839,14.63567839,25.89125672,Low value Customer
465,Lindsay Shagiari,20,59,36628.9219,351.5,289,43,45.09300834,36.30653266,36.30653266,37.62450401,Low value Customer
466,Lindsay Williams,14,58,56848.9485,442.5,267.5,223,56.76715843,33.60552764,33.60552764,37.07977226,Low value Customer
467,Lisa DeCherney,43,58,48968.16456,113.5,267.5,138,14.56061578,33.60552764,33.60552764,30.74879086,Low value Customer
468,Lisa Hazard,41,43,41755.1946,129.5,39.5,78,16.6132136,4.962311558,4.962311558,6.709946864,Low value Customer
469,Lisa Ryan,45,78,83774.6706,102.5,670,511,13.14945478,84.17085427,84.17085427,73.51764435,Medium Value Customer
470,Liz Carlisle,4,58,111321.1109,665,267.5,684,85.31109686,33.60552764,33.60552764,41.36136302,Low value Customer
471,Liz MacKendrick,7,50,80420.2684,572.5,116.5,487,73.44451572,14.63567839,14.63567839,23.45700399,Low value Customer
472,Liz Pelletier,40,54,42885.1201,139,173.5,89,17.83194355,21.79648241,21.79648241,21.20180158,Low value Customer
473,Liz Preis,0,71,67162.51072,779.5,553.5,346,100,69.53517588,69.53517588,74.1048995,Medium Value Customer
474,Liz Thompson,34,74,123525.131,183.5,600,728,23.54073124,75.37688442,75.37688442,67.60146144,Medium Value Customer
475,Liz Willingham,33,41,31634.352,195,25,23,25.01603592,3.140703518,3.140703518,6.422003378,Low value Customer
476,Logan Currie,13,71,75344.80288,463,553.5,437,59.39704939,69.53517588,69.53517588,68.01445691,Medium Value Customer
477,Logan Haushalter,75,72,76401.6852,37.5,569,451,4.810776139,71.48241206,71.48241206,61.48166667,Medium Value Customer
478,Lori Olson,2,69,63162.0576,699,521,296,89.67286722,65.45226131,65.45226131,69.08535219,Medium Value Customer
479,Luke Foster,22,61,74323.8065,312.5,329,428,40.08980115,41.33165829,41.33165829,41.14537972,Low value Customer
480,Luke Schmidt,15,57,63895.21206,419.5,243.5,306,53.81654907,30.59045226,30.59045226,34.07436678,Low value Customer
481,Luke Weiss,21,53,54524.86632,332.5,157.5,199,42.65554843,19.78643216,19.78643216,23.2167996,Low value Customer
482,Lycoris Saunders,4,79,38730.83692,665,684.5,57,85.31109686,85.99246231,85.99246231,85.89025749,High Value Customer
483,Lynn Smith,34,54,55518.823,183.5,173.5,207,23.54073124,21.79648241,21.79648241,22.05811974,Low value Customer
484,Magdelene Morse,4,66,111967.4052,665,442,687,85.31109686,55.52763819,55.52763819,59.99515699,Medium Value Customer
485,Marc Crier,44,69,65776.7889,106.5,521,328,13.66260423,65.45226131,65.45226131,57.68381275,Medium Value Customer
486,Marc Harrigan,37,64,73614.95222,153.5,399.5,419,19.69211033,50.18844221,50.18844221,45.61399243,Low value Customer
487,Maria Bertelson,1,60,160271.0034,741,308,779,95.0609365,38.69346734,38.69346734,47.14858771,Low value Customer
488,Maria Etezadi,5,84,136685.005,636.5,734.5,755,81.65490699,92.27386935,92.27386935,90.68102499,High Value Customer
489,Maria Zettner,21,53,93796.8591,332.5,157.5,587,42.65554843,19.78643216,19.78643216,23.2167996,Low value Customer
490,Maribeth Dona,26,70,91535.23604,271,539,572,34.76587556,67.71356784,67.71356784,62.771414,Medium Value Customer
491,Maribeth Schnelling,5,79,113935.9061,636.5,684.5,695,81.65490699,85.99246231,85.99246231,85.34182901,High Value Customer
492,Maribeth Yedwab,29,56,83704.1356,224,221.5,509,28.73636947,27.82663317,27.82663317,27.96309361,Low value Customer
493,Marina Lichtenstein,0,57,102823.352,779.5,243.5,641,100,30.59045226,30.59045226,41.00188442,Low value Customer
494,Maris LaWare,33,60,65630.9179,195,308,326,25.01603592,38.69346734,38.69346734,36.64185262,Low value Customer
495,Mark Cousins,23,74,93147.92242,298,600,582,38.22963438,75.37688442,75.37688442,69.80479692,Medium Value Customer
496,Mark Haberlin,8,73,42063.0154,544.5,583.5,82,69.85246953,73.3040201,73.3040201,72.78628752,Medium Value Customer
497,Mark Hamilton,54,64,58110.04844,67.5,399.5,235,8.659397049,50.18844221,50.18844221,43.95908544,Low value Customer
498,Mark Packer,5,52,56416.2606,636.5,144,215,81.65490699,18.09045226,18.09045226,27.62512047,Low value Customer
499,Mark Van Huff,16,57,39305.5489,397.5,243.5,64,50.99422707,30.59045226,30.59045226,33.65101848,Low value Customer
500,Mary O'Rourke,36,57,43028.8338,162.5,243.5,90,20.8466966,30.59045226,30.59045226,29.12888891,Low value Customer
501,Mary Zewe,23,77,71931.30788,298,651,395,38.22963438,81.7839196,81.7839196,75.25077682,High Value Customer
502,MaryBeth Skach,15,63,66798.87876,419.5,375.5,340,53.81654907,47.17336683,47.17336683,48.16984417,Low value Customer
503,Mathew Reese,97,76,92018.9073,19,631,577,2.43745991,79.27135678,79.27135678,67.74627225,Medium Value Customer
504,Matt Abelman,64,82,44981.38068,47.5,707.5,102,6.093649775,88.88190955,88.88190955,76.46367058,High Value Customer
505,Matt Collins,9,75,90182.00046,519.5,616,559,66.64528544,77.38693467,77.38693467,75.77568729,High Value Customer
506,Matt Collister,51,55,52901.07984,76.5,195.5,182,9.813983323,24.56030151,24.56030151,22.34835378,Low value Customer
507,Matt Connell,49,58,52927.6993,84,267.5,183,10.77613855,33.60552764,33.60552764,30.18111928,Low value Customer
508,Matt Hagelstein,23,60,42739.69034,298,308,86,38.22963438,38.69346734,38.69346734,38.62389239,Low value Customer
509,Matthew Clasen,5,80,128073.7299,636.5,693,741,81.65490699,87.06030151,87.06030151,86.24949233,High Value Customer
510,Matthew Grinstein,19,51,56212.21004,367.5,132.5,211,47.14560616,16.64572864,16.64572864,21.22071027,Low value Customer
511,Maureen Fritzler,48,56,56499.13198,92,221.5,216,11.80243746,27.82663317,27.82663317,25.42300381,Low value Customer
512,Maureen Gastineau,36,83,94320.8001,162.5,721.5,588,20.8466966,90.64070352,90.64070352,80.17160248,High Value Customer
513,Maureen Gnade,0,74,107240.0752,779.5,600,669,100,75.37688442,75.37688442,79.07035176,High Value Customer
514,Maurice Satty,29,61,41640.99106,224,329,77,28.73636947,41.33165829,41.33165829,39.44236497,Low value Customer
515,Max Engle,11,72,35964.7192,505,569,34,64.78511867,71.48241206,71.48241206,70.47781805,Medium Value Customer
516,Max Jones,21,60,63099.55348,332.5,308,295,42.65554843,38.69346734,38.69346734,39.2877795,Low value Customer
517,Max Ludwig,1,63,77459.8694,741,375.5,466,95.0609365,47.17336683,47.17336683,54.35650228,Medium Value Customer
518,Maxwell Schwartz,34,73,93552.26392,183.5,583.5,586,23.54073124,73.3040201,73.3040201,65.83952677,Medium Value Customer
519,Maya Herman,0,62,57768.29188,779.5,351.5,231,100,44.15829146,44.15829146,52.53454774,Medium Value Customer
520,Meg O'Connel,6,58,110963.2804,600.5,267.5,682,77.0365619,33.60552764,33.60552764,40.12018278,Low value Customer
521,Meg Tillman,49,59,76407.8,84,289,452,10.77613855,36.30653266,36.30653266,32.47697355,Low value Customer
522,Melanie Seite,4,70,82154.5051,665,539,496,85.31109686,67.71356784,67.71356784,70.35319719,Medium Value Customer
523,Michael Chen,1,65,49093.70026,741,421.5,140,95.0609365,52.95226131,52.95226131,59.26856259,Medium Value Customer
524,Michael Dominguez,36,59,155224.9514,162.5,289,776,20.8466966,36.30653266,36.30653266,33.98755725,Low value Customer
525,Michael Grace,5,61,72089.98374,636.5,329,396,81.65490699,41.33165829,41.33165829,47.3801456,Low value Customer
526,Michael Granlund,5,63,79355.0789,636.5,375.5,482,81.65490699,47.17336683,47.17336683,52.34559786,Medium Value Customer
527,Michael Kennedy,21,74,63846.7969,332.5,600,305,42.65554843,75.37688442,75.37688442,70.46868402,Medium Value Customer
528,Michael Moore,7,78,111526.48,572.5,670,686,73.44451572,84.17085427,84.17085427,82.56190349,High Value Customer
529,Michael Nguyen,8,55,78342.34436,544.5,195.5,470,69.85246953,24.56030151,24.56030151,31.35412671,Low value Customer
530,Michael Oakman,6,29,17070.44,600.5,2,3,77.0365619,0.251256281,0.251256281,11.76905212,Low value Customer
531,Michael Paige,27,94,78508.6711,255.5,782,472,32.77742142,98.24120603,98.24120603,88.42163834,High Value Customer
532,Michael Stewart,6,77,88820.075,600.5,651,548,77.0365619,81.7839196,81.7839196,81.07181594,High Value Customer
533,Michelle Arnett,16,59,54904.43902,397.5,289,204,50.99422707,36.30653266,36.30653266,38.50968682,Low value Customer
534,Michelle Ellison,42,49,37843.18744,121,100.5,49,15.52277101,12.62562814,12.62562814,13.06019957,Low value Customer
535,Michelle Huthwaite,14,50,62541.6485,442.5,116.5,287,56.76715843,14.63567839,14.63567839,20.9554004,Low value Customer
536,Michelle Lonsdale,7,47,48450.721,572.5,74.5,135,73.44451572,9.359296482,9.359296482,18.97207937,Low value Customer
537,Michelle Moray,15,66,48092.093,419.5,442,133,53.81654907,55.52763819,55.52763819,55.27097482,Medium Value Customer
538,Michelle Tran,127,68,93310.6841,5,495,583,0.641436818,62.18592965,62.18592965,52.95425572,Medium Value Customer
539,Mick Brown,11,71,79062.11792,505,553.5,478,64.78511867,69.53517588,69.53517588,68.8226673,Medium Value Customer
540,Mick Crebagga,41,62,49710.974,129.5,351.5,148,16.6132136,44.15829146,44.15829146,40.02652978,Low value Customer
541,Mick Hernandez,5,67,54358.82796,636.5,467,195,81.65490699,58.66834171,58.66834171,62.1163265,Medium Value Customer
542,Mike Caudle,51,57,45676.0862,76.5,243.5,109,9.813983323,30.59045226,30.59045226,27.47398192,Low value Customer
543,Mike Gockenbach,2,51,123964.5646,699,132.5,730,89.67286722,16.64572864,16.64572864,27.59979943,Low value Customer
544,Mike Kennedy,22,82,53737.3278,312.5,707.5,191,40.08980115,88.88190955,88.88190955,81.56309329,High Value Customer
545,Mike Pelletier,16,82,94570.0996,397.5,707.5,589,50.99422707,88.88190955,88.88190955,83.19875718,High Value Customer
546,Mike Vittorini,7,62,100227.35,572.5,351.5,628,73.44451572,44.15829146,44.15829146,48.5512251,Low value Customer
547,Mitch Gastineau,1,68,77168.528,741,495,462,95.0609365,62.18592965,62.18592965,67.11718068,Medium Value Customer
548,Mitch Webber,17,74,120965.9149,387,600,717,49.64720975,75.37688442,75.37688442,71.51743322,Medium Value Customer
549,Mitch Willingham,0,66,76243.3411,779.5,442,448,100,55.52763819,55.52763819,62.19849246,Medium Value Customer
550,Monica Federle,7,86,119791.0348,572.5,753,712,73.44451572,94.59798995,94.59798995,91.42496881,High Value Customer
551,Muhammed Lee,8,71,62265.49612,544.5,553.5,280,69.85246953,69.53517588,69.53517588,69.58276993,Medium Value Customer
552,Muhammed MacIntyre,12,55,43541.933,486.5,195.5,94,62.41180244,24.56030151,24.56030151,30.23802665,Low value Customer
553,Muhammed Yedwab,0,108,144857.5065,779.5,796,764,100,100,100,100,High Value Customer
554,Nancy Lomonaco,25,43,50745.3958,285,39.5,158,36.56189865,4.962311558,4.962311558,9.702249622,Low value Customer
555,Naresj Patel,1,65,46999.401,741,421.5,126,95.0609365,52.95226131,52.95226131,59.26856259,Medium Value Customer
556,Nat Carroll,5,76,66841.77084,636.5,631,342,81.65490699,79.27135678,79.27135678,79.62888932,High Value Customer
557,Nat Gilpin,48,66,40017.11044,92,442,66,11.80243746,55.52763819,55.52763819,48.96885808,Low value Customer
558,Natalie DeCherney,12,63,68258.06346,486.5,375.5,357,62.41180244,47.17336683,47.17336683,49.45913217,Low value Customer
559,Natalie Fritzler,1,95,147030.1185,741,784.5,768,95.0609365,98.55527638,98.55527638,98.0311254,High Value Customer
560,Natalie Webber,117,79,122215.0317,9,684.5,720,1.154586273,85.99246231,85.99246231,73.26678091,Medium Value Customer
561,Nathan Cano,39,49,47994.1932,146.5,100.5,132,18.79409878,12.62562814,12.62562814,13.55089874,Low value Customer
562,Nathan Gelder,18,65,101888.4351,381,421.5,635,48.87748557,52.95226131,52.95226131,52.34104495,Medium Value Customer
563,Nathan Mautz,30,75,97043.8207,213.5,616,605,27.38935215,77.38693467,77.38693467,69.88729729,Medium Value Customer
564,Neil Ducich,5,57,74195.52188,636.5,243.5,425,81.65490699,30.59045226,30.59045226,38.25012047,Low value Customer
565,Neil Französisch,6,62,47864.7903,600.5,351.5,127,77.0365619,44.15829146,44.15829146,49.09003202,Low value Customer
566,Neil Knudson,26,63,66507.8378,271,375.5,337,34.76587556,47.17336683,47.17336683,45.31224314,Low value Customer
567,Neola Schneider,6,75,86465.58358,600.5,616,533,77.0365619,77.38693467,77.38693467,77.33437876,High Value Customer
568,Neoma Murray,19,54,80689.135,367.5,173.5,489,47.14560616,21.79648241,21.79648241,25.59885097,Low value Customer
569,Nick Crebassa,6,50,44811.941,600.5,116.5,100,77.0365619,14.63567839,14.63567839,23.99581092,Low value Customer
570,Nick Radford,2,68,44075.12534,699,495,97,89.67286722,62.18592965,62.18592965,66.30897028,Medium Value Customer
571,Nick Zandusky,85,66,107218.2661,27,442,668,3.46375882,55.52763819,55.52763819,47.71805629,Low value Customer
572,Nicole Brennan,428,31,25811.8178,2,3.5,13,0.256574727,0.439698492,0.439698492,0.412229928,Low value Customer
573,Nicole Fjeld,11,43,58536.07656,505,39.5,238,64.78511867,4.962311558,4.962311558,13.93573262,Low value Customer
574,Nicole Hansen,5,72,96474.3687,636.5,569,600,81.65490699,71.48241206,71.48241206,73.0082863,Medium Value Customer
575,Noah Childs,20,59,90618.22566,351.5,289,563,45.09300834,36.30653266,36.30653266,37.62450401,Low value Customer
576,Noel Staavos,36,92,70873.301,162.5,777.5,383,20.8466966,97.6758794,97.6758794,86.15150198,High Value Customer
577,Nona Balk,19,51,45773.4874,367.5,132.5,111,47.14560616,16.64572864,16.64572864,21.22071027,Low value Customer
578,Nora Paige,58,48,61644.04002,52,87,275,6.670942912,10.92964824,10.92964824,10.29084244,Low value Customer
579,Nora Pelletier,14,66,76070.43,442.5,442,445,56.76715843,55.52763819,55.52763819,55.71356623,Medium Value Customer
580,Nora Preis,28,62,99601.6805,238.5,351.5,622,30.59653624,44.15829146,44.15829146,42.12402817,Low value Customer
581,Odella Nelson,47,74,112100.1809,98.5,600,688,12.63630532,75.37688442,75.37688442,65.96579756,Medium Value Customer
582,Olvera Toch,33,73,94718.06386,195,583.5,591,25.01603592,73.3040201,73.3040201,66.06082247,Medium Value Customer
583,Pamela Coakley,2,48,53635.39388,699,87,189,89.67286722,10.92964824,10.92964824,22.74113109,Low value Customer
584,Pamela Stobb,29,66,86869.3926,224,442,535,28.73636947,55.52763819,55.52763819,51.50894788,Medium Value Customer
585,Parhena Norris,15,58,59824.18354,419.5,267.5,260,53.81654907,33.60552764,33.60552764,36.63718085,Low value Customer
586,Patricia Hirasaki,57,41,41984.2689,57,25,81,7.312379731,3.140703518,3.140703518,3.76645495,Low value Customer
587,Patrick Bzostek,8,62,52466.18702,544.5,351.5,173,69.85246953,44.15829146,44.15829146,48.01241817,Low value Customer
588,Patrick Gardner,20,78,82627.2792,351.5,670,503,45.09300834,84.17085427,84.17085427,78.30917738,High Value Customer
589,Patrick Jones,39,45,137449.861,146.5,56.5,757,18.79409878,7.09798995,7.09798995,8.852406274,Low value Customer
590,Patrick O'Brill,4,102,161127.7906,665,793,780,85.31109686,99.62311558,99.62311558,97.47631277,High Value Customer
591,Patrick O'Donnell,0,78,154859.0026,779.5,670,775,100,84.17085427,84.17085427,86.54522613,High Value Customer
592,Patrick Ryan,25,72,67516.50858,285,569,348,36.56189865,71.48241206,71.48241206,66.24433505,Medium Value Customer
593,Paul Gonzalez,2,92,68237.965,699,777.5,356,89.67286722,97.6758794,97.6758794,96.47542757,High Value Customer
594,Paul Knutson,98,39,36654.70908,16.5,19,44,2.116741501,2.386934673,2.386934673,2.346405698,Low value Customer
595,Paul Lucas,15,47,62363.8676,419.5,74.5,283,53.81654907,9.359296482,9.359296482,16.02788437,Low value Customer
596,Paul MacIntyre,21,48,90949.98136,332.5,87,565,42.65554843,10.92964824,10.92964824,15.68853327,Low value Customer
597,Paul Prost,14,79,116482.8598,442.5,684.5,702,56.76715843,85.99246231,85.99246231,81.60866673,High Value Customer
598,Paul Stevenson,27,68,87910.13614,255.5,495,541,32.77742142,62.18592965,62.18592965,57.77465341,Medium Value Customer
599,Paul Van Hugh,8,65,115488.092,544.5,421.5,699,69.85246953,52.95226131,52.95226131,55.48729254,Medium Value Customer
600,Pauline Chand,21,47,60879.4287,332.5,74.5,265,42.65554843,9.359296482,9.359296482,14.35373427,Low value Customer
601,Pauline Johnson,19,65,115949.5975,367.5,421.5,701,47.14560616,52.95226131,52.95226131,52.08126303,Medium Value Customer
602,Pauline Webber,7,69,64622.31742,572.5,521,313,73.44451572,65.45226131,65.45226131,66.65109947,Medium Value Customer
603,Penelope Sewall,20,82,142010.9486,351.5,707.5,761,45.09300834,88.88190955,88.88190955,82.31357437,High Value Customer
604,Pete Armstrong,23,56,70269.84332,298,221.5,376,38.22963438,27.82663317,27.82663317,29.38708335,Low value Customer
605,Pete Kriz,8,73,88291.0115,544.5,583.5,545,69.85246953,73.3040201,73.3040201,72.78628752,Medium Value Customer
606,Pete Takahito,2,51,65330.0514,699,132.5,322,89.67286722,16.64572864,16.64572864,27.59979943,Low value Customer
607,Peter Bühler,0,47,51420.685,779.5,74.5,164,100,9.359296482,9.359296482,22.95540201,Low value Customer
608,Peter Fuller,83,87,178067.5768,29,761,789,3.720333547,95.60301508,95.60301508,81.82061285,High Value Customer
609,Peter McVee,12,46,50982.9559,486.5,65,160,62.41180244,8.165829146,8.165829146,16.30272514,Low value Customer
610,Philip Brown,5,76,43942.52904,636.5,631,95,81.65490699,79.27135678,79.27135678,79.62888932,High Value Customer
611,Philip Fox,34,67,96985.4049,183.5,467,603,23.54073124,58.66834171,58.66834171,53.39920014,Medium Value Customer
612,Philisse Overcash,29,73,99734.0155,224,583.5,625,28.73636947,73.3040201,73.3040201,66.61887251,Medium Value Customer
613,Phillina Ober,33,69,105982.9361,195,521,659,25.01603592,65.45226131,65.45226131,59.3868275,Medium Value Customer
614,Phillip Breyer,8,84,104771.2392,544.5,734.5,652,69.85246953,92.27386935,92.27386935,88.91065937,High Value Customer
615,Phillip Flathmann,2,68,61591.0591,699,495,274,89.67286722,62.18592965,62.18592965,66.30897028,Medium Value Customer
616,Pierre Wener,1,61,24226.7818,741,329,9,95.0609365,41.33165829,41.33165829,49.39105002,Low value Customer
617,Quincy Jones,25,53,103078.4883,285,157.5,643,36.56189865,19.78643216,19.78643216,22.30275213,Low value Customer
618,Rachel Payne,7,74,76574.0041,572.5,600,455,73.44451572,75.37688442,75.37688442,75.08702912,High Value Customer
619,Ralph Arnett,5,88,107958.339,636.5,767,670,81.65490699,96.35678392,96.35678392,94.15150238,High Value Customer
620,Ralph Kennedy,28,64,68576.64446,238.5,399.5,363,30.59653624,50.18844221,50.18844221,47.24965632,Low value Customer
621,Ralph Ritter,19,54,54876.62666,367.5,173.5,203,47.14560616,21.79648241,21.79648241,25.59885097,Low value Customer
622,Randy Bradley,15,83,98450.03838,419.5,721.5,613,53.81654907,90.64070352,90.64070352,85.11708035,High Value Customer
623,Randy Ferguson,6,63,71211.843,600.5,375.5,385,77.0365619,47.17336683,47.17336683,51.65284609,Medium Value Customer
624,Raymond Buch,20,71,144069.4698,351.5,553.5,763,45.09300834,69.53517588,69.53517588,65.86885075,Medium Value Customer
625,Raymond Messe,9,61,88488.1788,519.5,329,547,66.64528544,41.33165829,41.33165829,45.12870236,Low value Customer
626,Resi Pölking,15,91,104737.6755,419.5,774.5,651,53.81654907,97.29899497,97.29899497,90.77662809,High Value Customer
627,Ricardo Emerson,28,59,73288.49678,238.5,289,416,30.59653624,36.30653266,36.30653266,35.4500332,Low value Customer
628,Ricardo Sperren,33,68,54973.2286,195,495,206,25.01603592,62.18592965,62.18592965,56.61044559,Medium Value Customer
629,Richard Bierner,19,67,72350.17368,367.5,467,399,47.14560616,58.66834171,58.66834171,56.93993138,Medium Value Customer
630,Richard Eichhorn,15,67,71436.59932,419.5,467,388,53.81654907,58.66834171,58.66834171,57.94057281,Medium Value Customer
631,Rick Bensley,0,79,122770.0138,779.5,684.5,724,100,85.99246231,85.99246231,88.09359296,High Value Customer
632,Rick Duston,0,66,91527.8035,779.5,442,571,100,55.52763819,55.52763819,62.19849246,Medium Value Customer
633,Rick Hansen,24,56,98490.067,291.5,221.5,615,37.39576652,27.82663317,27.82663317,29.26200317,Low value Customer
634,Rick Huthwaite,20,58,56616.77192,351.5,267.5,219,45.09300834,33.60552764,33.60552764,35.32864974,Low value Customer
635,Rick Reed,0,73,78930.3758,779.5,583.5,477,100,73.3040201,73.3040201,77.30841709,High Value Customer
636,Rick Wilson,26,68,136373.0315,271,495,753,34.76587556,62.18592965,62.18592965,58.07292154,Medium Value Customer
637,Ritsa Hightower,7,60,100335.0368,572.5,308,629,73.44451572,38.69346734,38.69346734,43.90612459,Low value Customer
638,Rob Beeghly,20,62,64732.482,351.5,351.5,316,45.09300834,44.15829146,44.15829146,44.29849899,Low value Customer
639,Rob Dowd,25,90,103008.9721,285,772,642,36.56189865,96.98492462,96.98492462,87.92147073,High Value Customer
640,Rob Haberlin,6,47,35606.03692,600.5,74.5,33,77.0365619,9.359296482,9.359296482,19.51088629,Low value Customer
641,Rob Lucas,120,65,72437.12048,7,421.5,402,0.898011546,52.95226131,52.95226131,45.14412384,Low value Customer
642,Rob Williams,77,48,37820.9967,31.5,87,48,4.041051956,10.92964824,10.92964824,9.896358798,Low value Customer
643,Robert Barroso,150,45,22771.9372,4,56.5,5,0.513149455,7.09798995,7.09798995,6.110263876,Low value Customer
644,Robert Dilbeck,27,56,64582.5079,255.5,221.5,311,32.77742142,27.82663317,27.82663317,28.5692514,Low value Customer
645,Robert Marley,4,47,58734.2529,665,74.5,242,85.31109686,9.359296482,9.359296482,20.75206654,Low value Customer
646,Robert Waldorf,15,64,61657.724,419.5,399.5,276,53.81654907,50.18844221,50.18844221,50.73265824,Medium Value Customer
647,Roger Barcio,16,54,51332.3614,397.5,173.5,163,50.99422707,21.79648241,21.79648241,26.17614411,Low value Customer
648,Roger Demir,21,77,68884.2795,332.5,651,368,42.65554843,81.7839196,81.7839196,75.91466392,High Value Customer
649,Roland Fjeld,1,59,56405.8941,741,289,214,95.0609365,36.30653266,36.30653266,45.11969324,Low value Customer
650,Roland Murray,16,37,40935.35202,397.5,15,70,50.99422707,1.884422111,1.884422111,9.250892854,Low value Customer
651,Roland Schwarz,36,49,72819.16796,162.5,100.5,408,20.8466966,12.62562814,12.62562814,13.85878841,Low value Customer
652,Rose O'Brian,4,79,112683.2425,665,684.5,690,85.31109686,85.99246231,85.99246231,85.89025749,High Value Customer
653,Ross Baird,30,77,102700.0574,213.5,651,639,27.38935215,81.7839196,81.7839196,73.62473448,Medium Value Customer
654,Ross DeVincentis,14,70,57172.98516,442.5,539,228,56.76715843,67.71356784,67.71356784,66.07160643,Medium Value Customer
655,Roy Collins,118,45,38989.4967,8,56.5,60,1.02629891,7.09798995,7.09798995,6.187236294,Low value Customer
656,Roy Französisch,6,77,89463.60936,600.5,651,554,77.0365619,81.7839196,81.7839196,81.07181594,High Value Customer
657,Roy Phan,21,72,58807.246,332.5,569,245,42.65554843,71.48241206,71.48241206,67.15838252,Medium Value Customer
658,Roy Skaria,19,56,38834.03218,367.5,221.5,58,47.14560616,27.82663317,27.82663317,30.72447911,Low value Customer
659,Ruben Ausman,43,75,68475.51368,113.5,616,362,14.56061578,77.38693467,77.38693467,67.96298684,Medium Value Customer
660,Ruben Dartt,32,86,89548.233,204.5,753,555,26.23476588,94.59798995,94.59798995,84.34350634,High Value Customer
661,Russell Applegate,12,76,96739.38194,486.5,631,601,62.41180244,79.27135678,79.27135678,76.74242363,High Value Customer
662,Russell D'Ascenzo,28,71,79749.49208,238.5,553.5,484,30.59653624,69.53517588,69.53517588,63.69437993,Medium Value Customer
663,Ryan Akin,1,55,58294.0259,741,195.5,236,95.0609365,24.56030151,24.56030151,35.13539676,Low value Customer
664,Ryan Crowe,22,50,35997.7923,312.5,116.5,35,40.08980115,14.63567839,14.63567839,18.45379681,Low value Customer
665,Sally Hughsby,25,77,117497.1462,285,651,707,36.56189865,81.7839196,81.7839196,75.00061646,High Value Customer
666,Sally Knutson,8,62,62510.28476,544.5,351.5,285,69.85246953,44.15829146,44.15829146,48.01241817,Low value Customer
667,Sally Matthias,104,54,58614.6655,14.5,173.5,241,1.860166774,21.79648241,21.79648241,18.80603507,Low value Customer
668,Sam Craven,8,69,51750.7562,544.5,521,169,69.85246953,65.45226131,65.45226131,66.11229254,Medium Value Customer
669,Sam Zeldin,13,77,79247.1182,463,651,479,59.39704939,81.7839196,81.7839196,78.42588907,High Value Customer
670,Sample Company A,40,83,77163.8265,139,721.5,461,17.83194355,90.64070352,90.64070352,79.71938952,High Value Customer
671,Sandra Flanagan,58,51,56104.253,52,132.5,210,6.670942912,16.64572864,16.64572864,15.14951078,Low value Customer
672,Sandra Glassco,3,50,46151.8,676.5,116.5,116,86.78640154,14.63567839,14.63567839,25.45828686,Low value Customer
673,Sanjit Chand,75,69,123566.9,37.5,521,729,4.810776139,65.45226131,65.45226131,56.35603853,Medium Value Customer
674,Sanjit Engle,9,82,129505.6731,519.5,707.5,745,66.64528544,88.88190955,88.88190955,85.54641593,High Value Customer
675,Sanjit Jacobs,32,79,61319.283,204.5,684.5,271,26.23476588,85.99246231,85.99246231,77.02880785,High Value Customer
676,Saphhira Shifley,15,84,145192.9516,419.5,734.5,765,53.81654907,92.27386935,92.27386935,86.50527131,High Value Customer
677,Sara Luxemburg,29,82,78431.49,224,707.5,471,28.73636947,88.88190955,88.88190955,79.86007854,High Value Customer
678,Sarah Bern,2,50,73382.0154,699,116.5,418,89.67286722,14.63567839,14.63567839,25.89125672,Low value Customer
679,Sarah Brown,74,71,116639.1003,41,553.5,703,5.259781911,69.53517588,69.53517588,59.89386678,Medium Value Customer
680,Sarah Foster,5,72,88188.0494,636.5,569,544,81.65490699,71.48241206,71.48241206,73.0082863,Medium Value Customer
681,Sarah Jordon,28,79,77241.48444,238.5,684.5,463,30.59653624,85.99246231,85.99246231,77.6830734,High Value Customer
682,Scot Coram,16,64,132936.507,397.5,399.5,748,50.99422707,50.18844221,50.18844221,50.30930994,Medium Value Customer
683,Scot Wooten,12,56,71457.72282,486.5,221.5,389,62.41180244,27.82663317,27.82663317,33.01440856,Low value Customer
684,Scott Cohen,0,74,57940.5254,779.5,600,234,100,75.37688442,75.37688442,79.07035176,High Value Customer
685,Scott Williamson,21,68,84313.8209,332.5,495,520,42.65554843,62.18592965,62.18592965,59.25637247,Medium Value Customer
686,Sean Braxton,41,52,104777.7324,129.5,144,653,16.6132136,18.09045226,18.09045226,17.86886646,Low value Customer
687,Sean Christensen,16,76,141878.6748,397.5,631,760,50.99422707,79.27135678,79.27135678,75.02978733,High Value Customer
688,Sean Miller,21,50,195868.1619,332.5,116.5,793,42.65554843,14.63567839,14.63567839,18.8386589,Low value Customer
689,Sean O'Donnell,29,60,72334.959,224,308,398,28.73636947,38.69346734,38.69346734,37.19990266,Low value Customer
690,Sean Wendt,12,46,36103.81212,486.5,65,36,62.41180244,8.165829146,8.165829146,16.30272514,Low value Customer
691,Seth Vernon,87,85,133572.4286,26,744.5,749,3.335471456,93.53015075,93.53015075,80.00094886,High Value Customer
692,Shahid Collister,30,85,85109.15232,213.5,744.5,526,27.38935215,93.53015075,93.53015075,83.60903096,High Value Customer
693,Shahid Hopkins,23,68,58819.29552,298,495,246,38.22963438,62.18592965,62.18592965,58.59248536,Medium Value Customer
694,Shahid Shariari,26,67,107960.984,271,467,671,34.76587556,58.66834171,58.66834171,55.08297179,Medium Value Customer
695,Sharelle Roach,8,52,59529.01226,544.5,144,256,69.85246953,18.09045226,18.09045226,25.85475485,Low value Customer
696,Shaun Chance,9,56,34612.91318,519.5,221.5,31,66.64528544,27.82663317,27.82663317,33.64943101,Low value Customer
697,Shaun Weien,7,42,22893.9896,572.5,30.5,6,73.44451572,3.831658291,3.831658291,14.27358691,Low value Customer
698,Sheri Gordon,90,59,63538.9779,24,289,302,3.078896729,36.30653266,36.30653266,31.32238727,Low value Customer
699,Shirley Daniels,15,85,66428.4475,419.5,744.5,336,53.81654907,93.53015075,93.53015075,87.5731105,High Value Customer
700,Shirley Jackson,175,52,68369.153,3,144,359,0.384862091,18.09045226,18.09045226,15.43461374,Low value Customer
701,Shirley Schmidt,0,36,39117.68946,779.5,11.5,63,100,1.444723618,1.444723618,16.22801508,Low value Customer
702,Shui Tom,6,65,80344.92658,600.5,421.5,485,77.0365619,52.95226131,52.95226131,56.5649064,Medium Value Customer
703,Sibella Parks,16,36,38182.2423,397.5,11.5,53,50.99422707,1.444723618,1.444723618,8.877149136,Low value Customer
704,Skye Norling,13,67,76627.192,463,467,456,59.39704939,58.66834171,58.66834171,58.77764786,Medium Value Customer
705,Sonia Cooley,27,57,46409.6687,255.5,243.5,118,32.77742142,30.59045226,30.59045226,30.91849764,Low value Customer
706,Sonia Sunley,5,61,64476.7332,636.5,329,310,81.65490699,41.33165829,41.33165829,47.3801456,Low value Customer
707,Speros Goranitis,75,66,68690.39112,37.5,442,364,4.810776139,55.52763819,55.52763819,47.92010888,Low value Customer
708,Stefania Perrino,5,78,104697.6571,636.5,670,650,81.65490699,84.17085427,84.17085427,83.79346218,High Value Customer
709,Stefanie Holloman,30,55,70717.7804,213.5,195.5,382,27.38935215,24.56030151,24.56030151,24.9846591,Low value Customer
710,Stephanie Phelps,20,46,52352.90648,351.5,65,172,45.09300834,8.165829146,8.165829146,13.70490602,Low value Customer
711,Stephanie Ulpright,4,72,47964.798,665,569,131,85.31109686,71.48241206,71.48241206,73.55671478,Medium Value Customer
712,Steve Carroll,21,71,90889.56432,332.5,553.5,564,42.65554843,69.53517588,69.53517588,65.50323176,Medium Value Customer
713,Steve Chapman,9,74,105251.1987,519.5,600,656,66.64528544,75.37688442,75.37688442,74.06714457,Medium Value Customer
714,Steve Nguyen,44,61,61385.14632,106.5,329,272,13.66260423,41.33165829,41.33165829,37.18130018,Low value Customer
715,Steven Cartwright,7,73,99157.65864,572.5,583.5,620,73.44451572,73.3040201,73.3040201,73.32509444,Medium Value Customer
716,Steven Roelle,21,64,83681.421,332.5,399.5,508,42.65554843,50.18844221,50.18844221,49.05850814,Low value Customer
717,Steven Ward,15,106,124771.8754,419.5,795,735,53.81654907,99.87437186,99.87437186,92.96569844,High Value Customer
718,Stewart Carmichael,40,83,75340.50364,139,721.5,436,17.83194355,90.64070352,90.64070352,79.71938952,High Value Customer
719,Stewart Visinsky,21,75,97360.3931,332.5,616,606,42.65554843,77.38693467,77.38693467,72.17722674,Medium Value Customer
720,Stuart Calhoun,30,45,68745.5628,213.5,56.5,366,27.38935215,7.09798995,7.09798995,10.14169428,Low value Customer
721,Stuart Van,8,62,124479.6141,544.5,351.5,734,69.85246953,44.15829146,44.15829146,48.01241817,Low value Customer
722,Sue Ann Reed,10,64,76543.75698,510.5,399.5,454,65.49069917,50.18844221,50.18844221,52.48378075,Medium Value Customer
723,Sung Chung,8,46,50677.31202,544.5,65,156,69.85246953,8.165829146,8.165829146,17.4188252,Low value Customer
724,Sung Pak,54,52,68457.71426,67.5,144,361,8.659397049,18.09045226,18.09045226,16.67579398,Low value Customer
725,Sung Shariari,14,43,25061.15304,442.5,39.5,10,56.76715843,4.962311558,4.962311558,12.73303859,Low value Customer
726,Susan Gilcrest,16,58,56708.19218,397.5,267.5,221,50.99422707,33.60552764,33.60552764,36.21383255,Low value Customer
727,Susan MacKendrick,37,41,31455.6978,153.5,25,21,19.69211033,3.140703518,3.140703518,5.623414539,Low value Customer
728,Susan Pistek,6,68,149420.2155,600.5,495,771,77.0365619,62.18592965,62.18592965,64.41352449,Medium Value Customer
729,Susan Vittorini,0,67,70295.9979,779.5,467,377,100,58.66834171,58.66834171,64.86809045,Medium Value Customer
730,Suzanne McNair,25,64,58454.65426,285,399.5,237,36.56189865,50.18844221,50.18844221,48.14446068,Low value Customer
731,Sylvia Foulston,48,47,37855.6756,92,74.5,50,11.80243746,9.359296482,9.359296482,9.725767629,Low value Customer
732,Tamara Chand,27,88,173255.822,255.5,767,787,32.77742142,96.35678392,96.35678392,86.81987955,High Value Customer
733,Tamara Dahlen,0,58,33056.1835,779.5,267.5,26,100,33.60552764,33.60552764,43.56469849,Low value Customer
734,Tamara Manning,64,55,88856.538,47.5,195.5,549,6.093649775,24.56030151,24.56030151,21.79030375,Low value Customer
735,Tamara Willingham,19,59,84035.8128,367.5,289,515,47.14560616,36.30653266,36.30653266,37.93239369,Low value Customer
736,Tanja Norvell,22,53,39116.95628,312.5,157.5,62,40.08980115,19.78643216,19.78643216,22.83193751,Low value Customer
737,Ted Butterfield,35,76,89704.54984,173,631,557,22.19371392,79.27135678,79.27135678,70.70971035,Medium Value Customer
738,Ted Trevino,14,64,83838.0603,442.5,399.5,512,56.76715843,50.18844221,50.18844221,51.17524964,Medium Value Customer
739,Thais Sissman,41,60,25938.1318,129.5,308,14,16.6132136,38.69346734,38.69346734,35.38142928,Low value Customer
740,Thea Hendricks,6,59,63237.2546,600.5,289,298,77.0365619,36.30653266,36.30653266,42.41603705,Low value Customer
741,Thea Hudgings,43,64,62987.82136,113.5,399.5,293,14.56061578,50.18844221,50.18844221,44.84426825,Low value Customer
742,Theone Pippenger,2,88,109444.4704,699,767,677,89.67286722,96.35678392,96.35678392,95.35419642,High Value Customer
743,Theresa Coyne,11,84,118392.0184,505,734.5,708,64.78511867,92.27386935,92.27386935,88.15055674,High Value Customer
744,Theresa Swint,8,63,33657.574,544.5,375.5,29,69.85246953,47.17336683,47.17336683,50.57523224,Medium Value Customer
745,Thomas Boland,39,69,93400.7842,146.5,521,585,18.79409878,65.45226131,65.45226131,58.45353693,Medium Value Customer
746,Thomas Brumley,49,38,56516.13752,84,16,217,10.77613855,2.010050251,2.010050251,3.324963496,Low value Customer
747,Thomas Seio,26,68,63315.69476,271,495,299,34.76587556,62.18592965,62.18592965,58.07292154,Medium Value Customer
748,Thomas Thornton,5,63,78580.90772,636.5,375.5,473,81.65490699,47.17336683,47.17336683,52.34559786,Medium Value Customer
749,Tiffany House,8,67,80529.201,544.5,467,488,69.85246953,58.66834171,58.66834171,60.34596088,Medium Value Customer
750,Tim Brockman,1,89,85464.2931,741,770.5,528,95.0609365,96.79648241,96.79648241,96.53615052,High Value Customer
751,Tim Taslimi,1,55,36367.52,741,195.5,39,95.0609365,24.56030151,24.56030151,35.13539676,Low value Customer
752,Toby Braunhardt,57,67,45261.82506,57,467,107,7.312379731,58.66834171,58.66834171,50.96494741,Medium Value Customer
753,Toby Carlisle,12,67,92463.6837,486.5,467,580,62.41180244,58.66834171,58.66834171,59.22986082,Medium Value Customer
754,Toby Gnade,14,63,46586.8338,442.5,375.5,120,56.76715843,47.17336683,47.17336683,48.61243557,Low value Customer
755,Toby Ritter,1,65,46816.64462,741,421.5,123,95.0609365,52.95226131,52.95226131,59.26856259,Medium Value Customer
756,Toby Swindell,8,76,76662.01104,544.5,631,458,69.85246953,79.27135678,79.27135678,77.8585237,High Value Customer
757,Todd Boyes,14,67,45179.163,442.5,467,106,56.76715843,58.66834171,58.66834171,58.38316422,Medium Value Customer
758,Todd Sumrall,18,75,103797.5909,381,616,647,48.87748557,77.38693467,77.38693467,73.11051731,Medium Value Customer
759,Tom Ashbrook,8,80,226419.3362,544.5,693,796,69.85246953,87.06030151,87.06030151,84.47912671,High Value Customer
760,Tom Boeckenhauer,25,93,95802.5742,285,779.5,596,36.56189865,97.92713568,97.92713568,88.72235012,High Value Customer
761,Tom Prescott,48,50,74076.83502,92,116.5,423,11.80243746,14.63567839,14.63567839,14.21069225,Low value Customer
762,Tom Stivers,19,69,72880.0324,367.5,521,410,47.14560616,65.45226131,65.45226131,62.70626303,Medium Value Customer
763,Tom Zandusky,8,73,52870.94556,544.5,583.5,181,69.85246953,73.3040201,73.3040201,72.78628752,Medium Value Customer
764,Tonja Turnell,12,84,98243.1311,486.5,734.5,611,62.41180244,92.27386935,92.27386935,87.79455931,High Value Customer
765,Tony Chapman,1,67,49708.75512,741,467,147,95.0609365,58.66834171,58.66834171,64.12723093,Medium Value Customer
766,Tony Molinari,40,80,59109.1341,139,693,252,17.83194355,87.06030151,87.06030151,76.67604781,High Value Customer
767,Tony Sayre,11,66,88922.1457,505,442,551,64.78511867,55.52763819,55.52763819,56.91626026,Medium Value Customer
768,Tracy Blumstein,18,91,93357.84972,381,774.5,584,48.87748557,97.29899497,97.29899497,90.03576856,High Value Customer
769,Tracy Collins,0,55,43158.4965,779.5,195.5,92,100,24.56030151,24.56030151,35.87625628,Low value Customer
770,Tracy Hopkins,5,55,67091.2635,636.5,195.5,344,81.65490699,24.56030151,24.56030151,33.12449233,Low value Customer
771,Tracy Poddar,14,68,54512.1351,442.5,495,198,56.76715843,62.18592965,62.18592965,61.37311397,Medium Value Customer
772,Tracy Zic,35,48,48203.2836,173,87,134,22.19371392,10.92964824,10.92964824,12.61925809,Low value Customer
773,Troy Blackwell,28,46,46284.939,238.5,65,117,30.59653624,8.165829146,8.165829146,11.53043521,Low value Customer
774,Troy Staebel,20,83,99411.967,351.5,721.5,621,45.09300834,90.64070352,90.64070352,83.80854924,High Value Customer
775,Trudy Brown,30,69,67622.1335,213.5,521,351,27.38935215,65.45226131,65.45226131,59.74282493,Medium Value Customer
776,Trudy Glocke,5,75,104338.9805,636.5,616,649,81.65490699,77.38693467,77.38693467,78.02713052,High Value Customer
777,Trudy Schmidt,84,56,45013.2792,28,221.5,103,3.592046183,27.82663317,27.82663317,24.19144512,Low value Customer
778,Valerie Dominguez,0,67,76648.635,779.5,467,457,100,58.66834171,58.66834171,64.86809045,Medium Value Customer
779,Valerie Mitchum,13,68,88089.59428,463,495,542,59.39704939,62.18592965,62.18592965,61.76759761,Medium Value Customer
780,Valerie Takahito,7,72,90465.9821,572.5,569,561,73.44451572,71.48241206,71.48241206,71.77672761,Medium Value Customer
781,Vicky Freymann,13,49,68445.562,463,100.5,360,59.39704939,12.62562814,12.62562814,19.64134133,Low value Customer
782,Victor Preis,28,58,56521.7564,238.5,267.5,218,30.59653624,33.60552764,33.60552764,33.15417893,Low value Customer
783,Victoria Brennan,4,45,59064.116,665,56.5,250,85.31109686,7.09798995,7.09798995,18.82995599,Low value Customer
784,Victoria Pisteka,75,60,82584.4279,37.5,308,501,4.810776139,38.69346734,38.69346734,33.61106366,Low value Customer
785,Victoria Wilson,6,66,84436.689,600.5,442,521,77.0365619,55.52763819,55.52763819,58.75397675,Medium Value Customer
786,Vivek Gonzalez,110,50,46030.0035,12,116.5,114,1.539448364,14.63567839,14.63567839,12.67124389,Low value Customer
787,Vivek Grady,2,61,159085.5244,699,329,778,89.67286722,41.33165829,41.33165829,48.58283963,Low value Customer
788,Vivek Sundaresam,22,40,50235.563,312.5,22,151,40.08980115,2.763819095,2.763819095,8.362716404,Low value Customer
789,Vivian Mathis,8,36,22418.828,544.5,11.5,4,69.85246953,1.444723618,1.444723618,11.70588551,Low value Customer
790,William Brown,20,84,75576.7772,351.5,734.5,439,45.09300834,92.27386935,92.27386935,85.1967402,High Value Customer
791,Xylona Preis,43,61,70356.1832,113.5,329,379,14.56061578,41.33165829,41.33165829,37.31600191,Low value Customer
792,Yana Sorensen,4,62,101036.846,665,351.5,631,85.31109686,44.15829146,44.15829146,50.33121227,Medium Value Customer
793,Yoseph Carroll,4,56,103383.0488,665,221.5,645,85.31109686,27.82663317,27.82663317,36.44930272,Low value Customer
794,Zuschuss Carroll,3,85,155694.7218,676.5,744.5,777,86.78640154,93.53015075,93.53015075,92.51858837,High Value Customer
795,Zuschuss Donatelli,1,54,43058.3562,741,173.5,91,95.0609365,21.79648241,21.79648241,32.78615052,Low value Customer
